Sex,Age,TV01,TV02,TV03,TV04,TV05,TV06,TV07,TV08,TV09,TV10,TV11,TV12,TV13,TV14,TV15,TV16,TV17,TV18,TV19,TV20,TV21,TV22,TV23,TV24,TV25,TV26,TV27,TV28,TV29,TV30,TV31,TV32,TV33,TV34,TV35,TV36,TV37,TV38,TV39,TV40,TV41,TV42,TV43,TV44,TV45,P_ID,Note
2,35,短刀,銅貨,登山,踊り子,洪水,嵐,メス,時限爆弾,水滴,水晶細工,薄墨,角砂糖,電気,工場,王女,暗号,石碑,鏡,天使,ちょうちん,雪崩,腫瘍,階段,吐息,王様,牢獄,季節,年貢,ひとだま,天秤,亀,濃霧,建物,灯火,通り魔,海底,ベール,噴火,湖,蛭,花,時計,海,花束,檻,442799,名詞を書き写しているだけ
2,42,突きさす、鋭い,丸い、輝く,きつい、しんどい,動く、ゆらめく,流れる、とめどない,暴れる、混乱する,痛い、鋭い,危険な、唐突な,丸い、小さい,はかない、繊細な,暗い、くすんだ,四角い、かたい,痛い、激しい,縛られる、群がる,自由だ、きままだ,難しい、難解だ,かたい、ゆるぎない,写す、澄んだ,かわいい、無邪気な,赤い、丸い,とまらない、とめどない,不気味な、悪い,しんどい、つらい,かすかな、やわらかい,強い、たくましい,苦しい、耐えがたい,移りゆく、変化する,つらい、苦しい,一つの、生きている,動く、揺れる,かたい、かたくなだ,見えない、塞がれる,屈強な、頑固な,かすかな、明るい,一瞬だ、非道だ,暗い、深い,つつみこむ、まとわりつく,熱い、激しい,深い、潤った,不気味な、気持ち悪い,輝く、明るい,進む、動く,広い、続く,香る、鮮やか,かたい、強固だ,618221,
1,39,すぐ切る,赤茶色,積み重ね,舞っている,切羽詰まる,突然,切り裂く,身体に悪い,球体,繊細,黒い雲,四角い,ショック,教育,自由,記号,大きい,空模様,かわいい,熟れた実,大勢,悪い所,一貫校,そよ風,大きい,屋内作業,変わりやすい,積み重ね,赤い,判断,硬い,先が見えない,積み重ね,期待しない,突発的,気分、沈む,覆う,感情,涙,吸いつく,明るい,脈打つ,揺らぎ,花の匂い,型にはまっている,963833,一つしか書いていない
2,38,きつい、厳しい,美しい、貴重だ、優しい,大変だ、辛い、しんどい,踊る、上手だ、可憐だ,忙しい、大変だ、厳しい,うるさい、暴れる、厳しい,厳しい、辛い、息苦しい,危険だ、破壊的だ,綺麗だ、美しい、丸い,繊細だ、美しい、壊れそうだ,暗い、しんどい,壊れる、危険だ,痛い、明るい,忙しい、大変だ,可愛い、我儘だ,難しい、厳しい、しんどい,重い、硬い、煙たい,美しい、眺める,かわいい、笑う、小さい,小さい、可愛い、軽い,うるさい、危険だ,怖い、大きい、絶望だ,しんどい、苦しい、疲れる,小さい、重い,動かない、頑固だ,きつい、厳しい、辛い,幸せだ、温かい,厳しい、苦しい、大きい,丸い、赤い,厳しい、かたい,小さい、古い,狭い、白い,大きい、難しい、細かい,明るい、小さい,厳しい、突然だ,重い、暗い,暗い、狭い,怒る、怒鳴る,悲しい、感動的だ,汚い、茶色い,美しい、楽しい、明るい,細かい、神経質だ,広い、綺麗だ,素敵だ、可憐だ,狭い、厳しい,854398,
1,44,怖い、危険、冷たい,大らかだ、寂しい、せつない,難しい、ゆっくり、堅い,柔らかい、優雅だ、明るい,多い、大きい、怖い,危険、あっという間に、怖い,怖い、暗い、きつい,危ない、怖い、不安,丸い、素敵、輝いている,痛い、冷たい、硬い,暗い、辛い、悲しい,四角い、高い、甘い,痛い、怖い、大きい,汚い、堅い、高い,たくましい、かわいい、小さい,楽しい、明るい、多い,硬い、高い、勇ましい,大きい、同じ、多い,優しい、温かい、柔らかい,甘い、明るい、丸い,大きい、危険、怖い,怖い、不安だ、怪しい,ゆっくり、着実に、正しい,優しい、ゆっくり、小さい,大きい、偉大だ、三角,暗い、怖い、不安,温かい、明るい、大きい,多い、ひどい、暗い,熱い、悲しい、不安だ,正しい、正確、冷たい,硬い、汚い、ゆっくりと,冷たい、怖い、暗い,高い、屈強だ、正確,明るい、温かい、優しい,怖い、不安だ、暗い,暗い、怖い、悲しい,暗い、不安、寂しい,怖い、硬い、熱い,鋭い、大きい、澄んでいる,柔らかい、気持ちが悪い、怪しい,明るい、温かい、柔らかい,繊細だ、ゆっくり、進む,大きい、広い、自然だ,甘い、やさしい、温かい,堅い、冷たい、固まる,596296,
1,28,痛い、突き刺さる,反射する、光る,学ぶ、経験する,揺れる、優雅な,流れる、止まらない,止まらない、終わらない,女々しい、弱い,燃える、終わる、消える,澄み渡る、小さい,綺麗な、美しい,暗黒な、怪しい,崩れる、潰れる,痛い、音がする,学ぶ、広い、作業する,可愛らしい、気まぐれな,読める、解く,固い、割れにくい,美しい、広い,幼い、可愛い,変わった、小さい,多い、巻き込まれる,触れづらい、取れない、大きい,積み上げる、順序を積む,弱い、わずかな,巨大な、大きい、敵わない,働く、巨大な,色鮮やかな、めまぐるしい,納める、集める,綺麗な、生きている,公平な、ジャッジをする,固い、絞る,大きい、消えない,積み上げる、壊れやすい,消えそう、弱い,偶然な、予測がつかない,静寂な、音のない,包まれる、読めない、見えない,怒る、暴れる、大きい,見える、広い,小さい、変わった,美しい、綺麗な,動く、止まらない,広い、壮大な,香る、匂う,堅い、静かな,714743,
1,44,鋭い、痛い、危ない,オレンジ色だ、温かい、まぶしい,登る、一歩ずつ、高い,舞う、華やかな、美しい,あふれている、こぼれる、押し寄せる,激しい、恐ろしい、一時的な,切る、鋭い、痛い,危険な、燃える、爆発する,みずみずしい、白い、美しい,透明な、美しい、白い,モヤモヤする、暗い、不透明だ,四角い、白い、同じような,しびれる、ビリビリする、速い,画一的な、退屈な、不自由な,自由な、気ままな、勝手な,難解だ、読めない、難しい,不動の、堅い、大きい,光っている、まぶしい、透明な,かわいらしい、無垢の、小さい,赤い、垂れている、ぶら下がる,巨大だ、圧倒的だ、怖い,怪しい、除外できない、煩わしい,順序だった、徐々に、登る,かすかな、わずかな、少し,偉大だ、大きい、動かない,苦痛だ、光が無い、閉じている,変わりやすい、変化する、めまぐるしい,決まった、重たい、等しく,赤い、燃えている、儚い,公平だ、安定している、正しい,古い、汚い、臭い,真っ暗の、晴れない、見通せない,大きい、統一された、壊れない,燃えている、かすかな、明るい,突然だ、巡り合わせだ、先の読めない,深い、暗い、冷たい,薄暗い、不安だ、かすむ,烈火の如く、熱い、燃えている,反射する、透明な、美しい,分厚い、赤い、吸い付く,明るい、美しい、まぶしい,刻む、正確な、一定の,広い、美しい、綺麗な,華やかだ、美しい、綺麗だ,堅苦しい、狭い、閉鎖的な,966384,
2,28,突き刺さる、傷つく,赤い、綺麗だ,地道だ、過酷だ,優雅だ、美しい,速い、一瞬だ,荒れる、破壊する,弱々しい、不憫だ,短い、速い,流れる、美しい,細かい、綺麗だ,怪しい、濁っている,角ばっている、四角だ,恐ろしい、走る,機械的な、多い,可愛い、わがままだ,入り組む、難しい,固い、細長い,美しい、広い,可愛い、微笑ましい,ぶら下がる、奇妙だ,攻撃的だ、壊す,悪影響だ、悪い,地道だ、段階的な,静かだ、ささやかな,大きい、広い,過酷な、辛い,美しい、綺麗だ,少ない、低い,美しい、神秘的だ,公平だ、中立だ,遅い、静かだ,大きい、多い,整う、機械的だ,明るい、前向きだ,恐ろしい、未知だ,静かだ、広い,薄い、綺麗な,恐ろしい、怖い,青い、広い,不思議だ、面白い,明るい、美しい,刻む、速い,広い、青い,綺麗だ、美しい,厳しい、機械的だ,619505,
1,44,嫌だ、切れる、鋭い,綺麗、茶色い、悲しい,熱心だ、立ちはだかる、難しい,綺麗、妖艶だ、華やか,進む、過ぎる、溢れる,醜い、激しい、うるさい,攻撃する、責められる、鋭い,臭い、怖い、飛び散る,白い、硬い、高価だ,寒い、長い、固い,低い、重たい、ばやける,大きい、四角い、甘い,悲しい、明るい、必要だ,嫌だ、大きい、うるさい,かわいい、綺麗、鳴く,難しい、読めない、長い,長い、高い、硬い,青い、見つめる、対称的だ,無邪気だ、かわいい、優しい,渋い、甘い、赤い,騒々しい、寒い、巻き込まれる,怪しい、固い、腫れる,教わる、長い、疲れる,穏やか、心地よい、爽やか,高い、急だ、偉い,忙しい、暇だ、つらい,暖かい、暑い、寒い,増える、延びる、納める,赤い、暖かい、綺麗だ,正しい、間違い、ちょうどよい,汚い、絞る、臭い,怖い、見づらい、白い,理屈っぽい、難しい、大きい,明るい、期待する、黄色い,逆らう、従う、殺される,静だ、冷たい、暗い,幻想的、ぼやける、白い,恐い、激しい、熱い,見える、静かだ、透き通る,赤い、厚い、くわれる,明るい、綺麗だ、赤い,拍動する、進む、狂う,茶色い、青い、しょっぱい,匂う、高価だ、綺麗だ,だらしない、頑丈だ、出られない,926083,
1,25,鋭い、突き刺さる、痛い,丸い、儚い、赤い,高い、険しい、果て無い,美しい、華々しい,溢れる、動く、流れる,激しい、怖い,鋭い、尖っている,怖い、危険だ,儚い、白い、美しい,細かい、美しい、青い,黒い、暗い、滲んでいる,四角い、硬い、白い,危険だ、強い、恐ろしい,ナンセンスな、同じだ,わがままだ、気まぐれだ,難しい、楽しい,高い、硬い、登る,青い、広い、美しい,可愛い、純粋だ、愛らしい,明るい、丸い,激しい、怖い,重い、苦しい、疑い,厳しい、辛い、苦しい,弱々しい、薄い、軟弱だ,大きい、偉大だ,辛い、苦しい、厳しい,優しい、移ろいやすい、気が変わる,厳しい、コツコツと,美しい、妖しい、キレイ,難しい、厳しい、正確な,汚い、遅い,見えない、立ちはだかる、濃い,頑丈だ、大きい、高い,明るい、輝いている、光っている,怖い、突然だ,暗い、見えない、沈んでいる,見えない、包まれている、濃い,激しい、厳しい,キレイ、透き通っている、透明だ,分厚い、柔らかい,美しい、キレイ、華やかだ,動いている、速い,広い、美しい、壮大だ,美しい、キレイ,固い、縛る,643750,
2,30,心苦しい、悲しい,きれい、寂しい,ゆっくり、遅い,舞う、軽やかな,多い、長い、尽きない,激しい、怖い,鋭い、厳しい,目に見えない、危険だ,きれい、清々しい、高価,冷たい、はかない,薄暗い、不安だ,規則正しい、整っている、,強い、唖然とする,規則正しい、厳しい,気まぐれな、自由な、,難しい、細かい,大きい、たたずむ、もの寂しい,澄んでいる、きれい、遥かな,かわいい、やわらかい,丸い、ぽってりとした,大きい、巨大な、ダイナミックな,悪い、怪しむ,積み重ねる、重要な,かすかな、弱い,堂々とした、思い、ずっしりとした,大変だ、苦労する,嬉しい、ドキドキする,苦しい、大変だ、高い,はかない、寒い,怖い、正確だ,薄汚い、嫌い、匂う,暗い、思いわずらう、憂う,硬い、頑固な,頼もしい、はかない,思いがけない、変わる、速い,静かな、重々しい、暗い,白い、薄い、幻想的だ,熱い、怖い、うるさい,見通す、正直な,吸い付く、強い,かわいい、安心する、嬉しい,規則正しい、正確だ,広い、広大な,麗しい、女性らしい,窮屈な、細かい,834992,
2,46,鋭い、痛い,夕暮れ、暗くなる,努力、勉強,綺麗な、美しさ,突然の、残酷,災害、危険、テロ,容赦なく、苦痛な,危険物、害、迷惑,装飾品、芸術、透明,美しい、自然、冷たい,どんより、暗い、憂鬱な,もろい、壊れやすい,苦痛、鋭い、突然,建物、広い、大きい,気まぐれ、かわいらしさ,難解な、音楽,高い、大きい、硬い,綺麗な、広い,純粋な、可愛い、小さい,丸い、大きな,災難、強大な,膿、悪,こつこつと、じっくり、忍耐,そよ風、無風,壁、偉大,強制、不自由な,春、幸福、暖かい,負担、負債、義務,怖い、幽霊,正確な、絶対的な,黒っぽい、のんびりした,不安定な、不正確,堅苦しい、整然,はかない、小さい,残酷な、突然に,静寂、深い、奥深い,もやもや、不安、白い,強力な、怖い,見渡す、澄み渡る,不気味な、得体の知れない,幸せな、美しさ,働く、正確な、働き者,広大な、自然,美しい、ウキウキ,頑丈、窮屈、堅苦しい,596744,
1,34,鋭い、やるせない,価値がある、綺麗な、美しい,面白い、チャレンジングな、新しい,魅惑的な、官能的な、綺麗な,激しい、勢いがある、攻撃的な,恐ろしい、怖い、不安な,必要な、痛そうな,的確な、面白い、疑惑的な,綺麗、美しい、繊細,美しい、綺麗な、精密な,暗い、怪しい、魅惑的な,甘い、固い、四角い,激しい、速い、刺激的な,機械的な、固い、不必要な,偉そう、価値がある,面白い、比喩的な,古い、白い,綺麗な、美しい、晴れやかな,あからさまな、欺瞞的な,面白い、的を得ている、奇妙な,激しい、大きい、勢いがある,怖い、汚い、怪しい,リニアな、線形な,優しい、繊細な、生命力がある,壮大な、大きい、高い,きつい、難しい、肉体的な,柔軟な、爽やかな、寒い,面倒くさい、必要な、無駄な,丸い、不思議な,公平な、公正な、権威的な,遅い、丈夫な、頑丈な,怖い、白い、見えづらい,精密な、明確な、堅苦しい,必要な、明るい、希望に満ちた,突発的な、攻撃的な,怪しい、暗い,不思議な、見えない、はっきりしない,激しい、怖い、恐ろしい,深い、綺麗、壮大,やましい、下品な、卑しい,美しい、爽やか、清潔感がある,重要な、正確な、精巧な,壮大な、晴れやか,綺麗な、甘美な、甘い,面倒くさい、必要ない、窮屈な,229654,
1,43,危ない、硬い,冷たい、硬い,辛い、苦しい,美しい、艶めかしい,忙しい、苦しい,凄まじい、恐ろしい,冷たい、苦しい,危ない、怖い,美しい、冷たい,美しい、冷たい,うす暗い、冷たい,弱い、もろい,眩しい、危ない,きつい、苦しい,勇ましい、可愛い,難しい、面白い,硬い、高い,広い、高い,優しい、温かい,おいしい、明るい,騒々しい、激しい,悲しい、苦しい,難しい、つらい,優しい、静かだ,大きい、重い,暗い、厳しい,熱い、短い,辛い、高い,奇妙だ、怪しい,辛い、苦しい,汚い、臭い,重い、暗い,硬い、強い,うれしい、明るい,煩わしい、危ない,暗い、深い,怪しい、深い,熱い、激しい,深い、暗い,汚い、悪い,美しい、にぎやかだ,熱い、激しい,大きい、明るい,眩い、美しい,堅苦しい、厳しい,687473,
1,45,鋭い、冷たい、硬い,丸い、赤い、硬い,高い、遠い、苦しい,舞う、飛ぶ、跳ねる,速い、止まらない、前進だ,強い、激しい、恐ろしい,鋭い、冷たい、硬い,危険だ、危ない、恐ろしい,眩しい、透明だ、美しい,棘だ、細い、鋭い,薄暗い、冷たい、遠い,崩れやすい、崩壊しやすい、壊れやすい,鋭い、素早い、痺れる,固い、大きい、巨大だ,可愛い、純粋だ、清い,謎だ、深い、孤独だ,硬い、高い、重い,透き通る、輝く、眩しい,可愛い、小さい、純粋だ,軽い、ふんわりしている、丸い,止まらない、激しい、混雑だ,広がる、止まらない、恐ろしい,高層だ、前進だ、未来だ,涼しい、爽やかだ、浅い,高い、遠い、大きい,地獄だ、辛い、苦しい,変化する、色とりどりだ、移ろいやすい,高い、重い、辛い,真っ赤だ、血の塊だ、燃え盛る,ぶれる、揺れる、迷う,ゆっくり、丁寧だ、重たい,薄暗い、深い、真っ暗だ,階段だ、積み上げる、考える,明るい、眩しい、輝かしい,突然だ、急だ、棘だ,深い、静寂だ、静かだ,謎だ、深い、撹乱する,真っ赤だ、激しい、暴走だ,透き通る、深い、透明だ,柔らかい、プルプルだ、赤い,美しい、可愛い、爽やかだ,鳴る、太鼓だ、前進だ,なだらかだ、静かだ、広い,匂う、かぐわしい、心地よい,固い、重い、狭い,214246,
1,50,厳しい、切る,消える、無くなる,遠い、高い,華やかだ、舞う,溢れる、待たない,騒がしい、暴れる、壊れる,痛い、切れる,くさい、弾ける,清潔だ、透き通る,きれい、細かい,煙っている、冷たい,もろい、壊れやすい,びりびりする、ハッとする,生み出す、学びやすい,気高い、扱いにくい,難しい、読み解く,固い、煙い、壊れにくい,映し出す、透明だ,かわいい、あやす、癒される,ぶら下がる、揺れる,崩れる、賑わう,治りにくい、膨らむ,難しい、上りにくい,心地よい、爽やかだ,偉い、神々しい,忙しい、しんどい,移ろいやすい、儚い,厳しい、なくならない,赤い、丸い,測りやすい、公平だ,くさい、汚い、乾かない,見えない、白い,細かい、積み上げる,永続する、明るい,会い難い、襲われる,深い、不気味だ、静かだ,薄い、包む,吹き出す、怖い,静かだ、湿りやすい,吸う、痛い,かわいい、きれい,刻む、止まらない,広い、大きい,嬉しい、きれい,堅苦しい、狭い,974184,
2,25,傷つく、悲しい,厚い、綺麗,難しい、苦労,楽しい、明るい,速い、すぐに時間が過ぎる,怖い、怪我をする,痛い、怖い,悪い、怖い,繊細、美しい,綺麗、繊細,沈んでいる、暗い気持ち,厳しい、固い,雷に打たれる、電気が走る,規則的な、厳しい,世話が焼ける、意思を曲げない,難しい、理解に時間がかかる,古さを感じる、歴史,透明、澄んでいる,可愛い、愛しい,可愛らしい、赤ちゃんのような,暴力、危険、怖い,取り除きたい、気持ち悪い、すっきりしない,時間がかかる、着実に上る,静かな、優しい,偉い、傲慢な、偉大,苦痛、めんどくさい,移り行くもの、変化,常識的な、厳しい,美しい、綺麗、怖い,神が知るもの、運命,のろい、汚い,見えない、不安、不透明,固い、順序よく,美しい光、明るい、元気な,避けられない、同じ,見つけられない、暗い,綺麗な、不透明,爆発、怖い、触れたくない,すべてを見透かしている、飲み込む,妖艶な、魅惑,明るい、元気な,有限、いつか止まる,気持ちいい、空気がおいしい,よい香り、女性らしい,正しい、守らなければいけない,813515,
1,40,いたい、短い,きれい、かわらない,おそい、遠い,うつくしい、わからない,たくさん、多い,やかましい、こわい,やさしい、いたい,こわい、わからない,きれい、少ない,うつくしい、はかない,黒い、きたない,四角い、白い,こわい、いたい,もくもくと、かたい,うつくしい、かわいい,わからない、きびしい,かたい、つよい,きれい、くっきり,やさしい、うれしい,赤黄色い、やわらかい,怖い、はやい,こわい、わからない,とおい、つらい,くさい、苦しい,恐れ多い、つよい,つらい、きびしい,寒い、熱い,きびしい、こわい,きれい、はかない,偏らない、不安定,おそい、しぶとい,強い、大きい,堅苦しい、強い,赤い、長い,突然に、こわい,深い、こわい,わからない、こわい,こわい、読めない,たくさん、あおい,うっとおしい、おそろしい,うれしい、みじかい,同じ、不変,おおい、きれい,うれしい、ありがたい,かたい、つよい,268448,
1,41,鋭い、痛々しい,眩しい、赤茶色い,高い、長い,綺麗、活発だ,止まらない、多い,強い、荒々しい,冷たい、鋭い,臭い、危ない,美しい、脆い、輝く,冷たい、儚い,暗い、冷たい、黒い,脆い、危うい、甘い,速い、瞬間的だ,集団、量産、,かわいらしい、麗しい,悩ましい、楽しい,高い、固い、煙い,青い、光る,可愛らしい、弱弱しい,甘い、脆い,多い、冷たい,あやしい、痛い,高い、段階的だ,くすぐったい、生暖かい,高い、大きい,辛い、固い,暖かい、心地よい,ひどい、苦しい,赤い、怖い,厳しい、不安だ,臭い、汚い,心細い、見えない,硬い、強い,明るい、望ましい,痛い、悲しい,深い、静かだ,薄い、不透明,激しい、近寄りがたい、熱い,湿っぽい、大きい,気持ち悪い、柔らかい,明るい、かわいい,早い、止まらない,揺らめく、流れる,香しい、きれい,冷たい、固い,619118,
2,53,突き刺す、怖い、辛い,美しい、儚い、輝く,険しい、辛い、楽しい,美しい、回る、軽やかだ,流れる、急だ、進み続ける,恐ろしい、強い、脅威的だ,辛い、厳しい、怖い,危険だ、不健康だ、恐ろしい,小さい、儚い、綺麗だ,綺麗だ、透明だ、美しい,汚い、薄暗い、恐ろしい,脆い、危うい、壊れる,一瞬だ、急だ、瞬間的だ,厳しい、規則正しい、機械的だ,わがままだ、かわいい、小さい,難しい、面白い、楽しい,硬い、強い、大きい,美しい、幻想的だ、綺麗だ,かわいらしい、純粋無垢だ、小さい,明るい、かわいい、小さい,力強い、大きい、立ちはだかる,邪魔だ、悪だ、忌々しい,大きい、上る、遠い,軽い、易しい、容易だ,大きい、強い、美しい,孤独だ、厳しい、苦しい,変わりやすい、儚い、衰える,苦しい、厳しい、重い,美しい、儚い、大きい,危うい、難しい、悩む,遅い、長持ちする、強い,限りない、怖い、嫌だ,揺るがない、固い、頑丈だ,小さい、輝く、心強い,突然だ、予測不可能だ、急だ,静かだ、暗い、気まずい,不安定だ、遮る、邪魔だ,大きい、恐ろしい、突発的だ,美しい、透明だ、映す,吸いつく、危険だ、気味が悪い,明るい、美しい、かわいい,規則正しい、止まらない、動き続ける,広い、深い、波打つ,美しい、女性的だ、かわいらしい,厳しい、辛い、難しい,379880,
1,51,刺す、懐、,"茜色,光り輝く、",上り、継続、マイペース,ダンス、躍動,あふれる、流れる、,吹き荒れる。暴れる、粗野,切り刻む、鋭利、,爆発、タイマー、殺戮,儚い、しずく,透明、研磨,追悼する、涙、急ぐ,甘い、溶ける、白い,しびれる、ビリビリ、光る,大量生産、生み出す、同じもの,一番、傲慢,情報、変換する、隠す,刻む、業績、遺構,反射する、そのもの、光る,神の使い、導く、あどけない,丸い、膨らんだ、,崩れる、倒れる、飲み込む,膿、死、悪性,上がる、少しづつ、登る,弱風、ため息,一番、　大きい、偉い,暗闇、出れない、自由がない,変化する、移り変わる、４つ,収める、定期、差し出す,声、魂、遊離,バランス、行ったり来たり、測定,臆病、遅い、,見えない、白い、,積み上げる、住む、建てる,明るい、進路、目標,一瞬、思いがけない、殺し,深い、暗い、重い,隠れる、見えない、隠蔽,飛び出す、熱い、,溜める、潤す,吸う、ひっつく　張り付く,色とりどり、開く、咲く,一定、刻む、,広い、ずっと続く、果てしない,豪華、贈り物、,型にはまった、出られない、暗闇,697066,
2,43,小さい、大したこと無さそう、弱い,綺麗、尊い,少しずつ、確実に,かわいい、綺麗,沢山、多い,怖い、暴力,鋭い、怖い,有害、体に悪そう、毒,白い、透明,儚い、脆い、綺麗,小雨、霧雨、曇天,脆い、危険,一瞬、危険,暗い、陰湿,かわいい、小さい、わがまま,難しい、難解,高い、堅い,綺麗、青い,かわいい、小さい,大きい、丸々、おいしそう,群衆、怖い、恐怖,怖い、疑心暗鬼,少しずつ、長期,弱い、細々しい,恐ろしい、雪山,ブラック企業、違法就労,いつでも、大きい,微々たる、重い,怖い、儚い,公平、怖い,堅い、掃除,濃い、深い、暗い,積み重ね、地道,儚い、絶望,恐ろしい、怖い,静か、深い、暗い,濃い、深い,怒っている、怖い、恐ろしい,号泣、涙もろい,怖い、いやらしい,かわいい、綺麗,規則的、困惑,広大、北海道、大きい,高そう、高級,がんじがらめ、窮屈,695517,
1,36,危ない、鋭い、痛い,まるい、煌びやか、低い,上る、果てしない、遠い,まわる、めぐる、飛び跳ねる,止められない、押し寄せる、呑み込む,危ない、荒れ狂う、乱す,鋭い、痛い、暴く,迫る、窮する、恐ろしい,まるい、なめらか、小さい,美しい、儚い、透き通っている,暗い、ぼんやり、濁る,角張っている、脆い、崩れる,痛い、迸る、流れる,型にはまる、寒々しい、騒がしい,かわいい、わがまま、慈しむ,読み解く、伝える、交わす,高い、冷たい、思い出す,映す、見る、なめらか,かわいい、小さい、惨い,ぶら下がる、連なる、目立つ,流れる、進む、気圧される,塞ぐ、差し支える、張り付く,上る、疲れる、高い,こそばゆい、弱い、小さい,偉い、落ち着き、重々しい,囚われる、押し込める、息苦しい,移る、変わる、美しい,課される、収める、寒い,かたまり、縁起の悪い、空恐ろしい,傾く、揺らぐ、張り詰める,かたい、鈍い、くさい,立ちこめる、見えない、手を伸ばす,かたい、動かない、しっかりしている,明るい、沸き立つ、縋る,不意打ち、いきなり、思いがけない,暗い、重い、息苦しい,白い、覆う、見えない,恐ろしい、熱い、うるさい,澄んでいる、凪いでいる、冷たい,吸い付く、やわらかい、気持ち悪い,美しい、麗しい、愛でる,動く、刻む、貴い,広い、大きい、波打つ,香しい、華やか、目を引く,かたい、狭い、苦しい,450316,
2,47,意地悪だ、傷つける、嫌味だ,光っている、丸い、価値がある,長い、上る、苦しい,舞う、飛ぶ、動く,あっという間だ、過ぎ去る、早い,吹き荒れる、激しい、台風だ,突き刺す、冷たい、容赦ない,悪だ、不健康だ、良くない,きらきらしている、光り輝く、きれいだ,壊れそうだ、きれいだ、光っている,暗い、さえぎる、薄い,四角い、白い、かたい,突然だ、突き抜ける、鋭い,大量生産だ、機械的だ、つまらない,わがままだ、偉い、可愛がられる,記号だ、難しい、音符だ,かたい、大きい、冷たい,反射する、写し出す、光る,無邪気だ、悪気がない、かわいい,ぶら下がる、風船だ、オレンジだ,大勢だ、手ごわい、止められない,できものだ、膨れてくる、やっかいだ,ステップだ、上る、順番だ,一瞬だ、心地よい、あっという間だ,立ちはだかる、強い、どっしりしている,苦しい、辛い、休めない,移ろいやすい、変化する、あてにならない,納める、面倒だ、高い,はかない、枯れる、短命だ,難しい、判断しにくい、迷う,臭い、汚い、長持ちする,見えない、辛い、暗い,変えられない、かたい、建つ,光だ、輝いている、美しい,波乱万丈だ、予測できない、変えられない,暗い、高圧だ、静かだ,見えにくい、覆いだ、もやもやだ,爆発だ、広がる、突然だ,潤う、広い、変化する,ぷるぷるだ、柔らかい、赤い,明るい、きれいだ、幸せだ,脈打つ、定期的だ、壊れる,きれいだ、光っている、輝く,フェロモンだ、媚薬だ、おしゃれだ,堅苦しい、縛りだ、自由でない,842234,
1,57,鋭い、激しい,明るい、きれい,終わらない、遠い,美しい、妖しい,止められない、形がない,激しい、ひどい,失礼だ、うそくさい,けずる、煙たい,美しい、妖しい,きれい、美しい,どんよりした、気持ちが沈む,白い、もろい,感じる、熱い,極端だ、おかしい,魔法みたい、怪しい,わからない、複雑だ,いいすぎ、高い,青い、高い,うそくさい、迷信だ,おもしろい、食べたい,止められない、激しい,疑わしい、見たくないような,遅い、進まない,なまめかしい、色っぽい,絶対的だ、高い,つらい、頑張る,艶やか、せつない,もどかしい、うさんくさい,美しい、妖しい,あいまい、うそさくい,きたない、きれい,見えない、不確かだ,本音だ、正論ぽい,明るい、頑張れる,すばやい、戻らない,美しい、静か,透明な、水っぽい,赤い、激しい,美しい、青い,気持ち悪い、きたない,うそくさい、笑い,泊まらない、動いている,広い、とどめない,きれい、怪しい,考えすぎだ、うそくさい,992477,
1,43,危険な　鋭い　傷つく,淡く光る　永遠の　切なく光る,先の長い　遠い　苦労の絶え間ない,空に舞う　美しい　綺麗に,止められない　押し寄せる　絶え間なき,激しい　ぶつかり合う　収まりどころを見失った,鋭い　傷つける,時を刻む　健康の　人を陥れる,綺麗な　丸い,澄んだ　綺麗な　美しい,滲んだ　悲しいみの　地を染める,脆い　甘い　硬い,奔る　強烈な　痺れる,若者を育てる　人を造る　心を生む,可愛らしい　愛くるしい　誰しもが跪く,複雑な　奥の深い,高い　大きい　硬い,澄んだ　広い　,愛くるしい　羽のついた　堕ちのない,淡い　綺麗な　秋夜長の,激しい　全てを覆い潰す　,黒い　大きな　深い,長い　遠い　何処までも続く,優しい　くすぐるような　頬を掠める,気高き　ひれ伏させる　大きい,逃げれない　縛られた,色とりどりの　色鮮やかな,主に捧げる　厳しい　少ない,淡い　激しく燃え滾る　美しい,重りを司る　決断を下す　慎重に物事を測る,鈍い　臭い　ボロ,心を覆い隠す　先の見えない　晴れ間のない,硬い　高い　底のある,明るい　温かい　消えない,予測不可能な　目を曇らす　決まりのない,薄暗い　闇の広がる　底の見えない,薄い　濃い　辺りを覆い隠す,激しい　熱い　凄まじい,透き通った　澄んだ　綺麗な,赤い　太目の　艶がかった,素敵な　綺麗な　美しい　,命の　大切な　未知の,黄金の　金に輝く　,香り漂う　色とりどりの　身だしなみに使う,硬い　頑丈な　錠前のかかった,864699,
2,47,鋭利だ、痛烈だ,輝く、染める,ゆっくりだ、進む,ヒラヒラしている、舞っている,流れる、怒涛のようだ,押し寄せる、怒っている,鋭い、えぐるようだ,爆発する、蝕む,零れ落ちる、玉のようだ,尖っている、透き通っている,どんよりしている、立ち込めている,四角い、重なり合う,刺激がある、パワフルだ、ピリっとする,規則正しい、大きい,かわいい、わがままな,分析する、読む,高い、物悲しい,美しい、壮大だ,清らかだ、小さい,オレンジだ、明るい,押し寄せる、爆音だ,怖い、破裂する,上り詰める、成長する,甘い、くすぐったい,どっしりだ、頼れる,苦痛だ、閉じ込められている,通り過ぎる、美しい,高い、払う、辛い,ゆらゆらしている、燃え盛る,釣り合う、揺れている,ガチガチだ、硬い,見えない、心配だ,そびえている、乗り越えにくい,はかない、揺れる,驚く、怖い,静かだ、冷たい,覆われている、曇っている,吹き上がる、湧き上がる,澄み切っている、静かだ,吸い付く、ヌメヌメしている,美しい、明るい,規則正しい、ドキドキしている,広大だ、静かだ,かぐわしい、優雅だ,閉じ込められる、正しい,517718,
2,39,切れる、鋭い,明るい、光だ,高い、登る,きれいだ、美しい,怖い、溢れる,荒々しい、暗い,鋭い、固い,怖い、暗い,きれいだ、美しい,美しい、きれい,薄い、暗い,甘い、脆い,刺激的だ、明るい,大きい、広い,可愛い、美しい,難解だ、難しい,高い、固い,明るい、きれいだ,可愛い、小さい,明るい、美味しい,崩れやすい、柔らかい,悪い、固い,積み上げる、高い,ささやかだ、少ない,動かない、えらい,高い、固い,温かい、巡りだ,淡い、少ない,きれいだ、怖い,動き、平等だ,のろい、固い,暗い、見えない,固い、頑丈だ,明るい、きれい,暗い、深い,くらい、深い,神秘的だ、美しい,力強い、明るい,きれいだ、明るい,柔らかい、軟弱だ,きれいだ、美しい,計る、動く,広い、きれいだ,美しい、香ばしい,窮屈だ、暗い,453182,
2,38,ひねくれた、嫌味な,美しさ、綺麗さ,困難だ、大変だ,華麗な、綺麗な,流れゆく、儚げ,暴力的な、危険な,騒がしさ、挑戦的な,危険だ、不健康さ,美しさ、見惚れる,繊細、綺麗,儚げ、薄暗さ,整然とした、白さ,震えるような、痺れるような,教育的な、生産的な,可愛さ、愛される,難しさ、困難さ,大きな、立派な,美しさ、綺麗だ,愛すべき、可愛い,綺麗な、自然な,過激な、危険な,怪しさ、胡散臭さ,段階的な、遠い,軽やか、軽い,大きな、迫力がある,不自由な、奴隷的な,激しい、燃える,酷い、悲しみ,不思議な、怖さ,正当な、正しさ,汚い、醜い,分かりにくい、不明瞭な,頑丈、しっかりしている,漲る、頑張れる,不条理な、危険な,静けさ、物静か,分かりにくい、謎めいた,激しい、危険な,澄んでいる、青々としている,気色悪さ、気持ち悪さ,見映えが良い、美しい,激しい、生物的な,広大な、壮観な,香しい、花のよう,厳しい、硬さ,737833,
2,49,刺さる、傷つく、痛い,赤茶色い、暗い、渋い,進む、下がる、集まる,舞う、踊る、羽ばたく,流れる、止まらない、進む,うねる、狂う、怒る,鋭い、切る、刺さる,燃える、減る、燻る,美しい、輝く、光る,輝く、光る、美しい,湿る、暗い、黒い,四角い、脆い、必要だ,響く、伝わる、流れる,守る、習う、行なう,気高い、可愛い、幼い,読む、考える、見る,堅い、不動だ、立ちはだかる,映る、明るい、輝く,白い、素直だ、明るい,揺れる、ぶら下がる、丸っこい,流れる、止まらない、立ちはだかる,悪い、不安だ、心配だ,上がる、下がる、留まる,軽やか、弱い、儚い,大きい、高い、怖い,辛い、暗い、狭い,変わる、不安だ、飽きない,納める、渡す、失う,赤い、丸っこい、揺れる,判断する、決める、考える,拭く、汚れている、目立たない,立ちはだかる、纏わりつく、晴れない,立ちはだかる、高い、冷たい,明るい、燃える、揺らめく,不安だ、恐ろしい、怖い,暗い、静かだ、怖い,儚い、弱い、薄い,弾ける、怖い、恐ろしい,深い、青い、澄んでいる,動く、うねる、赤い,明るい、美しい、綺麗だ,動く、止まらない、刻む,広い、大きい、怖い,華やか、香る、甘い,立ちはだかる、守る、固い,650129,
1,35,刺す、痛い、痛快だ,きれい、輝いている,登る、大変だ、疲れる,踊っている、軽い,押し寄せる、流れる、激しい,激しい、恐い,刺す、痛い,壊れる、危ない,美しい、輝いている,美しい、きれい、光る,薄い、立ち込める、怖い,四角い、冷たい,しびれる、痛い,厳しい、規則正しい,強い、かわいい、譲らない,読めない、分かりにくい,固い、頑丈だ、重たい,美しい、透き通っている、映す,かわいい、優しい,ぶら下がる、吊っている,壊れる、突然だ、激しい,取りたい、痛い、邪魔だ,上る、疲れる、厳しい,優しい、気持ちいい,強い、偉大だ、高い,きつい、出たい,途切れない、なくならない、流れる,重い、苦しい、つらい,恐い、飛んでいる,難しい、迷う,固い、くさい,見えにくい、はっきりしない、立ち込める,建てる、作る、組み上げる,明るい、見える,怖い、残酷だ,静かだ、止まっている、怖い,かかっている、立ち込める、薄い,激しい、熱い,映す、きれい、輝いている,吸いつく、べたべたしている,美しい、優しい、見たい,刻む、正確だ、動く,なびいている、美しい、広い,美しい、匂う、きれい,固い、入れられる、はめる,132018,
1,30,鋭い、刺す、切る,輝く、丸い,大変な、長い、進む,妖艶な、舞う、美しい,飲み込む、膨大な,刹那的な、荒れる,切る、開く,病む、危険な,美しい、映る、小さい,きらめく、透明な,暗い、不穏な、湿った,崩れる、脆い,痺れる、刹那的な,画一的な、作り上げる,奔放な、傲慢な、おだてる,難解な、理論的な,こびり付く、古い,変化する、多種多様な、映し出す,尊い、大切な、愛らしい,ぶら下がる、赤い,刹那的な、突発的な,邪魔な、膨れ上がる,積み上げる、基礎的な,吹く、優しい、心地よい,大きな、寛大な、雄大な,縛る、繰り返す、憂鬱な,移り変わる、冷める,納める、強制的な、必要な,ほのかな、漂う,振れる、傾く,古い、汚れる,漂う、見えない、形のない,組み立てる、構造的な,明るい、温かい、安心する,突然の、来る、分からない,静かな、黙る、重苦しい,包む、隠れる,爆発する、突発的な,映す、豊富な,吸う、厚い,朗らかな、明るい、和む,刻む、限る,広がる、揺れる、広大な,香る、様々な,縛る、窮屈な,372370,
2,46,短い、小気味良い、鋭い,紅い、美しい、静かだ,険しい、難しい,忙しい、細かい、キレイ,激しい、大きい、慌しい,激しい、凄まじい、怒り,冷たい、鋭い、痛い,怖い、危険だ、悪い,丸い、美しい、脆い,儚い、細かい、美しい,黒い、怖い、おどろおどろしい,脆い、溶ける、四角い,鋭い、凄まじい、迸る,厳格だ、不自由だ、狭い,可愛い、愛らしい、大切だ,難しい、難解だ、困る,大きい、硬い、高い,広い、静謐だ、大きい,可愛い、拙い、幼い,丸い、可愛い、甘い,激しい、荒い、怖い,怪しい、疑わしい、痛い,険しい、辛い、厳しい,わずかだ、小さい、儚い,大きい、荒々しい、でかい,辛い、怖い、厳しい,移ろいやすい、変わりやすい、儚い,厳しい、長い、辛い,美しい、儚い、小さい,難しい、平等だ,汚い、のろい、ぼろい,怖い、見えない、恐ろしい,硬い、冷たい、大きい,小さい、始まりだ、明るい,突然だ、急激だ、理不尽だ,深い、暗い、怖い,薄い、白い、透き通った,激しい、荒々しい、怒る,深い、青い、広い,吸う、分厚い、軟らかい,華やかだ、癒しだ、キレイ,刻む、忙しい、慌しい,広い、大きい、果てしない,キレイ、美しい、かぐわしい,厳しい、冷たい、四角四面だ,417966,
1,39,傷つける、鋭い,丸い、赤い,辛い、継続する,飛ぶ、踊る,流れる、過ぎる,暴れる、荒ぶる,女々しい、鬱陶しい,点く、燃える,輝く、丸い,割れる、美しい,薄暗い、鬱陶しい,脆い、壊れる,痛い、びっくりする,面白くない、辛い,愛くるしい、敬う,難しい、解読する,固い、建てる,反射する、投影する,可愛い、心優しい,好まれる、赤い,行進する、動く,大きくなる、発生する,登る、成長する,弱い、がっかりする,偉い、大きい,閉じ込める、苦しい,変わる、終わる,支払う、強制される,赤い、散りゆく,判定する、公正である,臭い、丈夫である,見えない、深い,組み立てる、作る,消える、儚い,怖い、出会う,深い、黙る,覆い隠す、包まれる,怒る、憤る,青い、映る,気持ち悪い、柔らかい,笑う、美しい,脈打つ、正しい,広い、大きい,匂う、楽しむ,堅苦しい、生き辛い,541460,
2,38,きつい、強烈,丸い、赤みがかり,険しい、少しずつ,美しい、きれい,勢い、一瞬,激しい、危険,するどい、切れ味,害悪、危険、死ぬ,美しい、神秘的,美しい、透明,薄暗い、憂鬱,弱い、崩壊,痺れる、瞬間,規律、規則,わがまま、勝手,神秘的、難しい,高い、硬い,美しい、きれい,無垢、かわいい,渋い、和風,勢い、勢い,あやしい、膨らむ,順番、段階的,弱々しい、か弱い,荘厳、威厳,監禁、地獄,温かい、厳しい、変わる,高い、搾取,切ない、儚い,公平、揺らぐ,臭い、汚い,見えない、わからない,構築、積立,明るい、消える,残酷、冷酷,静か、深淵,隠れる、神秘的,勢い、激しい,潤い、きれい,いかがわしい、吸う,明るい、楽しい,規則的、拍,広い、夏,きれい、美しい,保身、結束,919589,
1,63,危険な、危ない、傷つける,赤い、輝く,坂道を上る、高い、辛い,舞う、美しい、優雅な,流れる、通り過ぎる、止まらない,荒れる、襲い掛かる、破壊する,傷つける、鋭い,恐ろしい、潜んでいる、隠れている,丸い、輝く、美しい,透き通る、美しい、神秘的な,暗い、憂鬱な、重たい,四角い、積みあがる,しびれる、ショックだ,生み出す、育てる,我儘な、可愛い、愛らしい,不可解な、並べる、意味不明な,建つ、堅い,晴れ渡る、輝く、光る,純真な、可愛い、心安らぐ,垂れ下がる、輝く、ぶら下がる,なだれ込む、押し寄せる、圧力をかける,残る、晴れない,一段ずつ、昇る、積み上げる,柔らかい、心地よい、うっとりする,大きい、抱かれる、敵わない,拘束される、逃れられない、閉じ込められる,移り変わる、心地よい,決まった、強制する、支払う,丸い、落ちる,平等な、判断する,ボロボロだ、きたない,見えない、迷う,積み上げる、作り上げる、組み立てる,明るい、見通せる、照らす,突然に、不意に,暗い、深い、静か,見えない、隠す、邪魔する,爆発する、熱い、恐ろしい,輝く、映る,吸い付く、食らいつく、へばりつく,明るい、楽しい、美しい,リズミカルな、刻む、正確な,広い、波立つ、うねる,美しい、酔う,縛られる、拘る、拘束される,783967,
2,29,鋭い、鬱陶しい、うるさい,綺麗だ、高級だ,長い、果てしない,舞う、飛ぶ、止まらない,無限だ、溢れる,止まらない、荒い、激しい,鋭い、辛い,不健康だ、脅かす,小さい、貴重だ,芸術だ、自然だ、寒い,暗い、気味が悪い,脆い、崩れやすい,突然だ、驚く,規律正しい、堅苦しい、いやだ,自由だ、我儘だ、気ままだ,難しい、才能だ,上昇する、熱い,お見通しだ、綺麗だ,可愛い、純粋だ、清い,垂れている、美味しい,起きる、止まらない、突如だ,思いもよらない、厄介だ、鬱陶しい,段階的だ、確実だ,優しい、穏やか,不変だ、自然だ,辛い、しんどい、地獄だ,変わりやすい、様々だ、熱しやすい,幸せだ、豊かだ,綺麗だ、儚い、脆い,難しい、賢い,収まる、小さい,辛い、わかりにくい、果てしない,理屈っぽい、変わらない,眩しい、幸せ,必然だ、どうしようもない,果てしない、怖い,わかりにくい、隠れている,恐ろしい、止められない,無限だ、広い,美しい、小さい、可愛い,素晴らしい、綺麗だ、和ませる,止まる、死だ,広大だ、広い,素敵だ、幸せだ,真面目だ、堅苦しい,372821,
1,45,鋭い、痛い,黄金色の、丸い,地道な、絶え間ない,ひらひらと、舞う,あっという間に、逆らえない,激しい、抑えることができない,鋭い、痛々しい,病的な、蝕む,光り輝く、透明の,綺麗な、神秘的な,どんよりと、薄暗い,崩れやすい、砂上の,電撃的な、びりっと,避けられない、受動的な,神秘の、尊い,理解の難しい、読み解く,立ち上る、まっすぐと,澄んだ、映し出す,曇りの無い、純粋な,垂れ下がる、ちょこんと,止められない、勢いで,恐ろしい、どうにもならない,先の長い、地道な,ごくわずかな、微量の,どっかりと、大きな,永遠に続く、地獄の,移り変わる、巡るめく,少しづつ、気持ちだけの,恐れ多い、尊い,どちらとも言えない、決めかねる,固い、動かない,先の見えない、晴れない,固い、崩しにくい,明るい、先の見える,偶然に、決まりない,ずっしりと、見ることができない,神秘的な、先が見えない,瞬発的な、激しい,澄んでいる、大きな,ぷよっと、つやつやしい,朗らかな、明るい,地道な、刻一刻と,果てしなく、風になびく,ほんわりと、まとまった,縛られた、凝り固まった,848301,
1,37,届かない、陰口、傷つける,赤い、暮れなずむ,途方もない、果てしなく、,優雅、飛び回る,溢れている、絶え間ない,防げない、収まらない、嘘みたいだ,改革だ、発端、切り込み,有害、傷つける、危険だ,丸い、美しい、,彫刻、芸術、きれい,不気味だ、覆い尽くす,脆い、壊れる、崩れる,つらぬく、走る、一瞬に、,集団、規律、賑やかだ,可憐、品がある,難しい、読めない、,佇む、動かない,うつす、澄みわたる,可愛い、無垢、,色づく、食べ頃、ぶら下がる,押し寄せる、突発的だ、危険,隠れている、命取り、時限爆弾,順番、一歩ずつ、学び続ける,こぼれる、ほのかに,神々しい、一番、立派,苦しい、疲弊する、休めない,移り気、変わりやすい、とどまらない,決まりごと、約束、仕方なし,赤い、燃えるような,平等、揺れ動く,固い、使い古された,見え隠れ、覆われる、,積み上げる、複雑、,わずか、宿る,突然だ、やってくる、襲われる,静寂、闇の中、,隠す、覆う、,溢れ出す、突然、,深い、澄んでいる,吸い付く、危険,見惚れる、癒される、咲き乱れる,動く、規則正しい、限りある,広大、波打つ、ざわめく,艶めかしい、華やか、,守る、壁、バリア,343791,
1,55,傷付く、刺さる,黄色、光る,地道、上り坂,綺麗、舞う,止まらない、戻らない,荒れる、壊す,膿を出す、傷付ける,病気、不健康,綺麗、丸い,透明、造形,どんより、灰色,壊れる、積む,貫く、一瞬,共同、作業,気まま、自由,難しい、理解不能,細長い、大きい,青い、海の色,無垢、自由,ぶら下がる、丸い,群衆、大量,大きくなる、不必要,登る、一歩づつ,弱い、柔らかい,存在感、大きい,苦しむ、不自由,変化する、遷ろい,義務、強制,落ちる、赤い,公平、中立,遅い、ゆっくり,見えない、怖い,積み立てる、基礎,儚い、弱い,突然、逆らえない,深い、静か,見えづらい、邪魔,熱い、興奮する,深い、大きい,柔らかい、赤い,美しい、和む,刻む、動く,広い、波,匂い、幸せ,形式、建前,171098,
1,34,鋭い、痛い,美しい、赤い,高い、険しい,美しい、見入る,流れる、溢れる,恐ろしい、騒がしい,鋭い、切れる,危険な、刻々と,美しい、儚い,冷たい、鋭い,暗い、滲んだ,白い、無機質な,痺れる、痛い,広い、生産的な,可愛い、偉そう,難解な、不明な,高い、立派な,眩しい、美しい,可愛い、貴重な,赤い、明るい,止まらない、勢いがある,邪魔な、不要な,険しい、こつこつと,微かな、ふわりと,高い、偉そうな,きつい、窮屈な,巡る、移ろう,高い、苦しい,儚い、綺麗な,傾く、揺れる,汚れた、長命な,見えない、掴み所が無い,硬い、高い,儚い、わずかな,怖い、不可避,静かな、深い,見えない、濃い,激しい、熱い,広い、美しい,太い、吸い付く,華やか、まぶしい,止まらない、ゆっくりと,広い、ゆらゆらと,芳しい、美しい,堅苦しい、冷たい,615315,
1,30,鋭い、切る,明るい、輝く,比例する、地道だ,艶やかだ、美しい,あふれる、多い,激しい、破壊する,鋭い、切れる,むしばむ、着実だ,綺麗だ、輝く,滑らかだ、澄んでいる,薄暗い、広がる,四角い、均質だ,速い、響く,画一的だ、大変だ,いじわる、気まぐれだ,記す、規則的だ,古い、硬い,映す、見透かす,かわいい、無邪気だ,丸い、赤い、,突発的だ、激しい,悪い、巣くっている,登る、地道だ,ささやかだ、少ない,大きい、壮大だ,苦しい、つらい,移ろう、変わる,払う、納める,怖い、恐れる,公平だ、判断する,汚い、臭い,見えない、暗い,角ばっている、筋が通っている,明るい、燃える,気まぐれだ、不意だ,暗い、静かだ,包む、隠す,激しい、突発的だ,湛える、潤う,離れない、吸う,愛らしい、かわいい,均一だ、刻む,広い、見渡せる,魅力的だ、麗しい,網羅的だ、形式ばっている,211056,
1,33,鋭い、短い、頼りない,お宝だ、赤い,困難な、果てしない、先が見えない,美しい、可愛い、華やかな,いっぱい、大量の、溢れる,乱暴な、食い荒らす、乱れる,鋭い、刺さる、抉りとる,危険な、怖い,綺麗な、美しい、儚い,綺麗な、脆い,灰色の、怪しい、不気味な,四角い、きっちりとしている、正しい,走る、一瞬の、痺れる,広い、大勢の,高貴な、美しい、威厳のある,複雑な、難しい、謎めいている,硬い、大きい、どっしりとしている,映し出す、反射する,可愛い、愛らしい、大切な,明るい、赤い,止まらない、大量の、力強い,不快な、重い,こつこつと、規則通りの、長い,弱々しい、静かな、悲しい,しっかりとしてる、屈強な、威厳がある,大変だ、厳しい、苦しい,切り替わる、穏やかな、長い,重い、大変な,明るい、儚い,はっきりとしてる、平等の、公平な,硬い、重い、遅い,先が見えない、分からない、晴れそうにない,頑固な、しっかりとした、整っている,うっすらな、静かな、明るい,理不尽な、予測できない、一瞬の,深い、重い、沈むような,薄い、透けているような、柔らかい,激しい、止まらない,大きい、澄んでいる、綺麗な,醜い、酷い、不快な,綺麗な、明るい、美しい,正確な、きちんと、一定の,広い、美しい、豊かな,纏まっている、多い、一緒の,がっちりとしている、頑固な,837258,
1,40,傷つく、恐ろしい,きれい、儚い,高い、辛い,軽い、美しい,早い、怖い、,強い、怖い、短い,傷つく、痛い,悪い、怖い,キレイ、美しい、澄んでいる,細い、冷たい、落ちる,暗い、冷たい,高い、固い,驚く、笑う,忙しい、働く,可愛い、美しい,難しい、頑張る,黒い、固い,青い、心地よい,明るい、走る、笑う,丸い、甘い,多い、怖い、長い,湧き上がる、悪い,長い、歩く,弱い、軽い、,高い、強い,辛い、辞める、長い,短い、愛おしい,辛い、働く,赤い、小さい,正しい、冷たい、客観的だ,汚い、臭い,怖い、立ちすくむ,頑丈だ、四角い,明るい、赤い、小さい,避けられない、追われる、逃げる,深い、冷たい、分からない,暗い、留まる、冷たい,怖い、熱い、赤い,深い、冷たい,冷たい、痛い,明るい、和む,正確だ、短い,広い、大きい、温かい,良い、きれい、高い,かしこまる、しんどい,236761,
1,32,かすり傷、気にしない,美しい、見惚れる,道無き道、険しい,華麗に舞う、美しい,押し寄せる、止められない,止められない、恐怖,解剖、痛々しい,体に悪い、痛い,美しい、綺麗,芸術的、自然の偉大さ,鼠色、不気味,永遠じゃない、いずれ壊れる,一瞬、あっという間,退屈、めんどくさい,わがまま、自由勝手気まま,難しい、訳がわからない,白い、獲れ得られない,見透かされる、正直,幸せ、唯一無二,ぶら下がっているもの、オレンジ色,群衆、一度起こると止められない,触れたがらない、痛々しい,登っていく、極める,微か、あるのかないのかわからない,不動、絶対的,窮屈、苦しい,移り変わるもの、暑く寒く,納めないといけないもの、避けて通れない,心、綺麗,裁き、許しをこう,汚い、触りたくない,見えない、恐怖,積み上げるもの、硬い,炎、情熱,突然、避けようがない,闇、孤独,見えない、隠す,爆発、止められない,怖い、吸い込まれそう,痺れる、引っ付く,幸せ、明るい,流れる、決まっているもの,広い、穏やか,誘惑、魅力,堅苦しい、決まりきったもの,479382,
1,31,痛い、恐い、切りつける,綺麗、広がる、高い,長い、高い、大きい,可愛い、美しい、綺麗,大きい、長い、怖い,大きい、怖い、うるさい,痛い、怖い、鋭い,怖い、危ない、うるさい,美しい、綺麗、高い,美しい、綺麗、細い,綺麗、大きい、怖い,甘い、美しい、怖い,痛い、速い、うるさい,難しい、大きい、長い,美しい、可愛い、小さい,難しい、小さい、細かい,硬い、大きい、重い,美しい、大きい、深い,可愛い、小さい、柔らかい,可愛い、綺麗、小さい,怖い、痛い、立ちはだかる,怖い、痛い、深い,難しい、高い、長い,甘い、長い、小さい,高い、立ちはだかる、大きい,長い、つらい、狭い,熱い、美しい、大きい,つらい、重い、長い,怖い、高い、大きい,難しい、重い、怖い,汚い、臭い、怖い,怖い、恐ろしい、深い,大きい、立ちはだかる、細かい,儚い、小さい、遠い,怖い、恐ろしい、難しい,深い、怖い、大きい,深い、怖い、難しい,うるさい、大きい、痛い,大きい、深い、怖い,柔らかい、甘い、怖い,綺麗、美しい、可愛い,怖い、深い、短い,広い、深い、綺麗,美しい、可愛い、深い,狭い、硬い、細い,177114,
2,35,鋭い、強い,きらめく、丸い,積み重ねる、大変だ、難しい,舞う、身軽だ,流れる、速い,吹きすさぶ、荒れる、危ない,傷つける、尖っている,危ない、有害だ,きれい、丸い、輝いている,きれいだ、尖っている,灰色だ、滴る,脆い、崩れる,強い、するどい,規則正しい、機械的だ,気高い、強い,難しい、分からない,堅い、高い,映し出す、反射する,かわいい、元気だ、小さい,丸い、ぶら下がる,勢いのある、危険だ,なくならない、悪い,積み重ねる、疲れる、大変だ,あたたかい、やわらかい,大きい、動かない,息苦しい、大変だ,移り変わる、いろいろだ,厳しい、つらい,目立つ、明るい,公平だ、平等だ,臭い、汚い,立ち込める、重たい,きちんとしている、硬い,小さい、消える,怖い、急だ,静かだ、深い,薄い、やわらかい,爆発する、熱い,大きい、冷たい,厚い、気持ち悪い,きれい、可憐だ,規則正しい、動く,広い、大きい、波打つ,かぐわしい、華やかだ,堅苦しい、窮屈だ,487568,
1,39,痛い、嫌だ,きれい、滲んだ,突き進んだ、高い,綺麗だ、明るい,はやい、流れ込んだ,怖い、恐ろしい,嫌だ、おかしい,おかしい、危険だ,綺麗だ、神秘だ,みずみずしい、青い,不気味だ、不安だ,甘い、変だ,痛い、怖い,珍しい、異質だ,凄い、驚きだ,おかしい、あやしい,白い、固い,澄んだ、広大だ,可愛い、微笑ましい,だいたいだ、おかしい,多い、恐ろしい,痛々しい、怪しい,進んだ、丁寧だ,よどんだ、白々しい,高い、えらい,きつい、地獄だ,おかしい、進んだ,面倒だ、いやらしい,変だ、怪しげだ,平等だ、気まぐれだ,固い、おかしい,怖い、不安だ,高い、難解だ,光だ、明るい,わからない、偶然だ,深い、静かだ,見えづらい、白い,怖い、強固だ,広い、鮮明だ,あやしい、噛んだ,明るい、微笑ましい,進んだ、ゆっくりだ,広い、広大だ,疎い、あやしげだ,かた苦しい、規則正しい,131627,
2,30,きつい、鋭い,丸い、綺麗だ,着実だ、登る,舞う、優雅だ,激しい、とめどない,激しい、危険だ,切り込む、鋭い,危険だ、害がある,繊細、儚い,脆い、儚い,暗い、重い,白い、四角い,一瞬だ、眩しい,規則的だ、大きい,気品がある、優雅だ、自由気まま,分かりにくい、難しい,象徴だ、高い、硬い,映る、綺麗だ,無邪気、あどけない、純粋だ,ぶら下がる、仄明るい,激しい、危険だ,異物だ、煩わしい,計画的だ、昇る,静かだ、優しい,雄大だ、安定,苦痛だ、辛い,移り変わる、穏やかだ,辛い、重い,暗い、静かだ,公平だ、水平だ,遅い、臭い,見えない、覆う,高い、硬い,灯る、温かい,残酷だ、危険だ,暗い、深い,覆う、隠す,爆発だ、危険だ,綺麗だ、純粋だ,吸う、張り付く,華やかだ、可憐だ,規則的だ、一定,広い、穏やかだ,華やか、良い匂いだ,儀式的だ、堅苦しい,214891,
2,42,鋭い、切れる,赤い、硬い,疲れる、孤独な,元気な、きれい,あふれる、乱雑な,困難な、大きい,切れる、あざやかだ,怖い、迷惑だ,丸い、あふれる,繊細な、きらびやかだ,暗い、粗末な,かたい、穏やかだ,静かな、ひそやかだ,大きい、大切な,かわいい、上品だ,難しい、ひそやかだ,かたい、重い,正しい、上品だ,元気な、大切な,ぶら下がる、のどかだ,危険な、激しい,かたい、怖い,疲れる、高い,小さい、静かだ,偉い、上品だ,暗い、孤独な,ひそやかだ、うれしい,重い、疲れる,明るい、燃える,正しい、あきらかだ,のろい、待つ,濃い、怖い,高い、きらびやかだ,明るい、はなやかだ,怖い、嫌い,静かな、深い,孤独な、静かな,うるさい、乱暴な,広い、穏やかな,厚い、なめらかだ,きれいな、明るい,動く、大切な,果てしない、穏やかだ,綺麗な、はなやかだ,孤独な、重い,938806,
1,51,鋭い、嫌われる、賢い,赤い、丸い、輝く,究める、厳しい、着実な,可愛い、妖しい、儚い,流れる、過ぎ去る、制御不能な,抗えない、暴力的な、悲しい,鋭い、適切な、痛烈な,警告する、合理的な、妥当な,悲しい、女性的な、ロマンティックな,透明な、美しい、割れる,湿った、灰色の、不安な,四角い、白い、可愛い,瞬間的な、眩しい、痛烈な,生産的な、隷属的な、画一的な,わがままな、可愛い、やんちゃな,論理的、難しい、楽しい,堅牢な、孤高な、硬い,明るい、澄んだ、率直な,可愛い、小さい、純粋な,赤い、熟した、美味しそうな,連鎖的な、抗えない、高圧的な,不安な、恐ろしい、未知の,成長する、登る、飛躍する,優しい、包まれる、マクロな,強大な、不動の、絶対的な,悲しい、現実的な、厳しい,繰り返される、本能的、暖かい,横柄な、高圧的な,暗い、恐ろしい,客観的な、大雑把な、公平な,平らな、哀れな、汚れた,薄暗い、見通しが悪い、しつこい,堅牢な、合理的な、美しい,かすかな、わずかな、明るい,不可避な、悲惨な、厳しい,暗い、静かな、冷たい,白い、ぼやけた、美しい,爆発的な、壊滅的、抗えない,冷たい、冷徹な、静かな,赤い、柔らかい、妖しい,ほころぶ、明るい、嬉しい,一定の、恒久的な、重要な,黄金色の、豊穣の、嬉しい,芳しい、抽出する、絞る,煩わしい、画一的な、古めかしい,459279,