Sex,Age,S01,S02,S03,S04,S05,S06,S07,S08,S09,S10,S11,S12,S13,S14,S15,S16,S17,S18,S19,S20,S21,S22,S23,S24,S25,S26,S27,S28,S29,S30,S31,S32,S33,S34,S35,S36,S37,S38,S39,S40,S41,S42,S43,S44,S45,P_ID,Note
1,49,するどい、短い,暗い、くすんでいる,もくもくと、登る,舞う、華やかな,あふれる、刻む,荒れる、壊れる,するどい、切り裂く,けむい、計る,小さい、すきとおる,透明な、反射する,薄い、ぼかす,白い、正確な,しびれる、つらぬく,正確な、生産する,かわいい、やわらかい,わからない、読めない,そびえ立つ、めだつ,うつす、ひろい,さわやか、ほがらか,ぶらさがる、列する,突然に、くずれる,痛い、知らず知らず,進む、上がる,やんわり、ほのか,おおきい、えらい,とらわれる、拘束する,色々ある、はぐくむ,とりたてる、少ない,神秘的、霊的,はかる、くらべる,かたい、かたまる,見通せない、見えない,整列する、整う,明るい、進む,突然に、知る由もなく,静観する、暗い,薄い、ごまかす,沸き立つ、あがる,澄んだ、静かな,ヌメヌメする、うるおう,はじける、華やか,刻む、正確に,広い、広大な,香る、さわやか,とらわれる、しばられる,911774,
1,34,鋭い、痛い、怖い,大きい、赤い、揺らめいた,地道な、果てしない、高い,軽やか、美しい,激しい、怖い、遠い,恐ろしい、激しい、危ない,鋭い、辛辣な,危ない、燃える、熱い,丸い、白い、小さい,脆い、長い、透明な,黒い、低い、鬱陶しい,甘い、四角い、多い,痛い、速い,冷たい、固い,尊大な、ふてぶてしい、可愛い,難しい、綺麗な、高度な,固い、白い、高い,美しい、透明な、平べったい,眩しい、弱い、小さい,丸い、落ちる、潰れる,恐ろしい、大きい、騒々しい,小さい、厄介な、新しい,危ない、長い、四角い,寒い、晴れやかな、白い,巨大な、動かせない、圧倒的な,苦しい、暗い、固い,華やかな、明るい、儚い,苦しい、重い、面倒な,赤い、美しい、怖い,公平な、あやふやな、重要な,臭い、汚い、汚れた,暗い、恐ろしい,堅苦しい、四角い、大きい,儚い、淡い、暖かい,怖い、速い、暗い,静かな、重い,薄い、暗い、寒々しい,赤い、暑い、大きい,揺れる、光る、映す,不気味な、柔らかい,広がる、眩しい、白い,速い、赤い、震える,黄色い、広い、暑い,華やかな、臭い、眩しい,固い、脆い、冷たい,989055,
2,35,鋭い,オレンジのような,困難な,優美だ,勢いのある,怖い,怖い,切羽詰まる,綺麗な,繊細な,薄暗い,固い,しびれる,規律のある,可憐な,難しい,冷たい,まぶしい,可愛い,個体の,もろい,怖い,厳しい,柔らかい,優美な,辛い,色々な顔がある,辛い,繊細な,平等な,長く使える,深い,固い,消えそうな,怖い,深い,不気味だ,恐れ多い,広い,しつこい,可愛い,緻密な,限りのない,香りのよい,厳しい,498992,一つしか書いていない
2,46,するどい、傷つく、嫌な,赤胴色の、うつくしい、尊い,長い、険しい、困難な,美しい、儚い、手に入らないような,流れる、加速する、飲み込まれる,巻き込まれる、激しい、おそろしい,切り刻まれる、痛い、傷つく,恐ろしい、危険な、怖い,美しい、丸い、儚い,繊細な、うつくしい、透明の,灰色の、広がる、くらい,壊れやすい、もろい、四角柱の,打たれる、驚く、一瞬の,大量生産な、判で押したように、うずめく,わがまま、気まま、気高い,読めない、むずかしい、分かりにくい,動かない、象徴的な、高い,映し出す、海の青のように、澄みわたる,可愛らしい、無垢な、大切な,丸い、きれいな、高い,群衆のように、増幅する、押しつぶされる,黒い、増殖する、悪い,段階的な、上昇する、過酷な,かすかな、感覚的な、気づかないような,不動な、ゆるぎない、貴い,辛い、きつい、嫌な,移ろいやすい、うきうきする、変わる,年々と、積み重なる、大変な,赤い、恐ろしい、ぽとりと,公平に、ゆらぐ、中立的な,動かない、孤独な、黒い,しんしんと、消し去れない、先が見えない,積み重なる、難しい、難解な,温かい、消えそうな、灯す,残忍な、恐ろしい、ひどい,静かな、押し黙まる、真っ暗な,先の見えない、分からない、真っ白な,ほとばしる、止められない、激しい,澄んでいる、美しい、鏡のような,ねばねばした、恐ろしい、すいつく,美しい、優しい、朗らかな,力強い、定期的な、ドンドンと,波立つ、一面に、美しい,かぐわしい、崇高な、華やかな,束縛する、辛い、大変な,510088,
1,26,切れる、突き刺さる、痛い,美しい、反射する,終わりのない、広い,ゆらゆらと、踊るように、優雅な,止まらない、流れる,荒々しい、暴れる,女々しい、弱々しい,終わりがある、消える,一滴の、小さな,繊細な、壊れやすい,暗い、黒い,固い、壊れる,明るい、痛い,学ぶ、広い,幼い、可愛い,読めない、わからない,固い、壊れない,広い、綺麗な,濁りのない、愛くるしい,硬い、変形した,怖い、流れる、恐ろしい,膨らんだ、大きな,上る、積み上げる,微かな、弱い,広々とした、堂々とした,課せられた、与えられた,美しい、変わりやすい,納める、重なる,綺麗な、美しい,公平な、裁く,動かない、硬い,見えない、濃い,積み重なる、壊れる,わずかな、少しの,避けられない、偶発的な,深い、暗い,触れない、見えない,真っ赤な、荒い,反射する、映し出す,柔らかい、みずみずしい,可愛い、綺麗な,止まらない、一定の,広い、大きな,香る、嬉しい,固い、強い,942353,
2,40,鋭い、怖い,赤い、輝く,地道、積み重ね、大変,華やか、回る、飛ぶ,激しい、流れる、怖い,激しい、怖い、動けない,鋭い、痛い、怖い,辛い、怖い、痛い,綺麗、みずみずしい,綺麗、透明、澄んでいる,暗い、悲しい,四角い、均一,強い、痛い、早い,一定、大きい、,華やか、わがまま、,難しい、謎、不明瞭,大きい、硬い,きれい、澄んでいる、明るい,かわいい、綺麗、純粋,丸い、赤い,強い、大きい、激しい,怖い、暗い,ゆっくり、積み重ねる,穏やか、熱い、,偉大、大きい,辛い、厳しい、暗い,変わりやすい、楽しい,辛い、大事,丸い、儚い,複雑、厳しい、不安定,黒い、汚い,重い、不安、恐怖,硬い、大きい、強い,明るい、憧れ,怖い、急に、激しい,深い、暗い、,不明瞭、白い,激しい、怖い、大きい,澄んでいる、綺麗、穏やか,醜い、太い,綺麗、華やか、明るい,正確、一定、,広い、穏やか,香り、たくさん、甘い,堅い、くらい、厳しい,951476,
1,48,嫌味、切る、痛み,赤い、丸い、金属,苦労、昇、先が見えない,ひらひら、軽い、飛ぶ,流れ、勢い、押される,突然、襲われる、押し寄せる,切る、痛み、責められる,煙、増える、積み重ね,きれい、丸い、転がる,氷、低温、美しい,薄い、流れる、儚い,硬い、白い,ぶれる、痺れる、痛い,集まる、集団、統一,小さい、輝く、振る舞う,線、音符、並ぶ,高い、硬い、重い,広い、映す、青い,宝、可愛い,果物、熟す,人、団体、押し寄せる,疑い、信用、深い,積み重ね、一つ、重ねる,弱い、呼吸、不調,大きい、そびえたつ、唯一,辛い、不自由、鎖,情熱、熱い,納める、積む、払う,花、開く、魂,判断、公平、信憑性,布、搾る、動かない,掴めない、見えない,考え、成立、そびえる,暗がり、先に、望,時、突然、襲う,黙る、深い、暗い,視界、見えない、まとわりつく,怒り、勢い、広がる,澄んだ、水、深さ,厚み、張り付く、虫,明るい、きれい、凡庸,重要、一定、繊細,色、広い、流れる,香、広がる、抱きかかえる,固い、あいさつ,391798,
1,34,鋭い、腹が立つ、黒い,赤い、暖かい、硬い,難しい、疲れる、地道な,綺麗な、可憐な、揺れる,焦り、大きな、早い,激しい、黒い、早い,鋭い、冷たい、暗い,焦り、黒い、暗い,綺麗な、清潔な、丸い,尖った、綺麗な、美しい,黒い、冷たい、薄い,甘い、高い、硬い,黄色い、大きい、鋭い,冷たい、淡々とした、暗い,小さい、大きい、黒い,難しい、黒い、綺麗な,黒い、高い、堂々とした,美しい、青い、光り,可愛い、小さい、癒される,綺麗な、丸い、落ち着いた,高い、白い、強い,汚い、不快な、苦しい,登る、厳しい、賢い,白い、冷たい、暗い,堂々とした、大きい、偉そうな,黒い、暗い、汚い,暖かい、赤い、綺麗な,黒い、眩しい、光り,綺麗な、赤い、美しい,揺れる、清潔、温和な,汚い、遅い、硬い,暗い、黒い、焦り,賢い、高い、広い,明るい、赤い、綺麗な,情熱的な、急激な、変化のある,冷たい、深い、青い,大きい、落ち着かない、白い,激しい、爆発、怒り,遅い、大きい、綺麗な,赤い、端正な、冷たい,明るい、美しい、暖かい,丸い、赤い、焦り,広大な、壮大な、青い,香り、綺麗な、華やかな,冷たい、明るい、黒い,997404,
1,49,鋭い、切れ味,暮れる、景色、染める,着実、進歩、勉強,きらびやか、色気、華麗,押し寄せる、不安、災害,巻き起こる、群衆、事件,鋭利、傷つける、刺さる,着火、危険、有害,儚い、透明感、希少,自然、雪国、氷点下,曇り、穏やかでない、落ち込む,四角形、無機質、白い,突然、激しい、驚き,無機質、機械的,気高い、美しい、自由,難解、知識,そびえ立つ、灰色、高い,映し出す、晴天、青い,無邪気、無垢、純真,丸い、田舎、お祭り,群衆、反発、結束,混迷、解決、糸口,一歩一歩、学ぶ、着実,かすかな、春、集中,そびえる、構える、君臨,奴隷、不自由,移り気、想い、一途,税金、不景気、経済,美しい、赤い、日本,測る、反則、敵味方,固い、乾燥,迷い、立ち込める、動揺,几帳面、固める,かすかな、少ない、孤独,突然、人生、犯罪,浮上、見えない、不安,包まれる、謎、葬られる,烈火、爆発、燃える,透明、見越す、卓越,赤い、血液,明るい、春、陽気,刻む、機械的、永遠,広大、広がる、自然,美しい、高貴、気品,厳しい、整然,640501,
2,50,鋭い、険しい、傷つく,まばゆい、光っている、丸い,上る、努力する、歩く,動く、きらびやかだ、舞っている,流れる、速い、漏れる,過激な、怖い、すさまじい,切れる、言い得る、まっすぐだ,隠す、飛び散る、汚れる,透明な、混じりけのない、淡い,透明な、壊れやすい、光っている,暗い、はっきりしない、ぼやける,白い、四角い、小さい,光る、走る、しびれる,大きい、繰り返す、守る,構えている、品格がある、立派だ,難しい、決まった、並んでいる,高い、硬い、そそり立っている,光る、広い、輝く,正直だ、生きる、必要な,赤い、丸い、釣り下がる,押し寄せる、崩れる、落ちてくる,悪い、重い、しつこい,上る、進む、努力する,暖かい、近い、静かな,大きい、どっしりした、動かない,辛い、苦しい、過酷な,変わる、移ろう、とどまらない,増える、大きい、夢をみる,重い、存在する、丸い,真剣だ、迷っている、考えている,汚れる、捨てる、繰り返す,苦しい、重い、辛い,頑固な、動かない、硬い,明るい、見える、祈る,驚く、見えない、急な,深い、静かな、重い,見えない、暗い、遠い,広がる、吹き出す、飛び散る,澄んだ、青々としている、きれいだ,離れない、吸う、柔らかい,優しい、明るい、きれいだ,確かだ、止まらない、動く,流れる、揺れる、広い,豪華な、華やかな、香る,堅い、清い、真面目な,442542,
2,25,鋭い、痛い、怖い,赤い、丸い,長い、過酷、高い,美しい、ひらひら、か弱い,流れる、瞬間に,激しい、怖い,鋭い、痛い,悪い、悪影響、怖い,美しい、みずみずしい、,綺麗、透明な,どんよりした、暗い、グレー,四角い、固い,ビリビリする、驚き、,広い、大きい,気高い、麗しい,難しい、ワクワクする,固い、高い,映る、反映する、,可愛い、愛くるしい,赤い、明るい,広がる、崩れる、立ちはだかる,怖い、痛い、消えない,少しずつ、上がる,弱い、やわらかい,高い、大きい,辛い、苦しい、長い,移る、変化する、変わる,絶対的、納める、高い,赤い、美しい,保つ、決める、平等に,のろい、おそい,濃い、見えない、ぼんやりしている,順番通りに、着実に、道筋,小さい、温かい,いたずらに、予測不可能,深い、長い、静か,見えない、不透明、謎,憤り、止められない,澄んでいる、暗い,くっつく、ぷにぷにしている,明るい、嬉しい、可愛い,刻む、リズミカル,果てしない、広い,楽しい、匂い、香り,堅い、息苦しい、堅実,799232,
1,40,鋭い、刺す,丸い、平べったい,登る、ゆっくり,舞う、きれい,流す、飲み込む,飛ぶ、吹き荒れる,切る、痛い,進む、隠れる,丸い、冷たい,もろい、冷たい,暗い、広がる,甘い、壊れる,痺れる、流れる,働く、動く,自分勝手、かわいい,難しい、解く,悲しい、寂しい,写す、跳ね返る,やわらかい、うれしい,膨らむ、赤い,壊す、激しい,増える、膨らむ,登る、止まる,のどか、やわらかい,偉大、座る,狭い、寒い,暖かい、寒い,積み重ねる、消える,燃える、赤い,傾く、公正,汚い、止まる,見えない、立ちはだかる,崩れる、作る,光る、明るい,襲う、来る,苦しい、静か,隠す、包む,燃える、激しい,広い、深い,吸う、膨らむ,咲く、明るい,続く、止まる,広い、壮大,きれい、華やか,固まる、狭い,794539,
2,26,鋭い、切れる,赤い、燃える,険しい、難しい,華麗な、絢爛な,とめどない、無尽蔵だ,荒々しい、暴力的な,鋭利な、突き刺す,危険な、はらはらする,小さな、滴る,美しい、繊細な,滲む、たどたどしい,角ばった、四角の、固い,迸る、はっとする,機械的な、事務的な,気品のある、格式高い,難解な、不可解な,聳える、立派な,澄んだ、透明な,愛らしい、稚い,生気のない、愛らしい,怒涛の、一挙に,膨らむ、肥大する,踏みしめる、段階的な,か細い、わずかな,厳格な、厳かな,閉じる、密室の,鮮やかだ、瑞々しい,厳しい、困難な,丸い、漂う,どっちつかずだ、釣り合う、等しい,硬い、まだらな,紛れる、ぼやける,山積みだ、構築する,照らす、ほのかな,予想外な、突然に,深い、果てしない,覆う、煙に巻く,とめどない、飲み込む,清い、無垢な,不気味な、丸々とした,和やかな、明るい,拍動する、規則正しい,広大な、無限の,華やかな、香しい,屈強な、頑丈な,242293,
2,54,刺す、切り刻む、すぐ出せる,重い、光が鈍い、地味だ,頂上は遠い、困難を要する、上を目指す,軽い、舞う、繊細だ,一気に流れる、災害的だ、油断できない,激しい、痛い、荒々しい,傷つける、痛い、跡が残る,危険だ、追いつめられる、進行する,はかない、貴重だ、きれいだ,美しい、繊細だ、はかない,にごる、広がる、不気味だ,四角い、白い、崩れる,しびれる、激しい、早い,決まりがある、閉鎖的だ、厳しい,しなやかだ、かわいい、プライドが高い,わかりにくい、楽しい、伝える,固い、尊い、目印だ,光っている、透明だ、果てしない,飛ぶ、かわいい、中性的だ,ぶらさがる、赤い、目立つ,恐ろしい、突発的だ、何もかも飲み込む,広がる、悪魔的だ、なくならない,一歩ずつ上る、果てしない、体力を必要とする,疲れる、温かい、和やかだ,大きい、強い、見守っている,閉じ込められる、動けない、暗い,移り変わる、繰り返す、心地よい,巡る、増える、規則的だ,温かい、美しい、神秘的だ,比べる、測る、正確だ,這う、臭い、必要だ,前が見えない、うっとおしい、息苦しい,積み上げる、順番がある、しっかり立つ,はかない、消えそうだ、燃える,事故だ、まぐれだ、予想不可能だ,深い、暗い、謎だ,柔らかい、隠す、優しい,恐ろしい、燃える、立ちのぼる,潤っている、神秘的だ、美しい,吸い付く、湿っている、気持ち悪い,楽しい、美しい、健康だ,正確だ、繊細だ、規則的だ,広い、なびいている、落ち着く,幸せだ、良い香りがする、むせる,固い、閉じこめられる、距離を作る,121823,
2,49,切れる、鋭い,丸い、輝く,積み重ねる、努力する,きらびやかな、美しい,目まぐるしい、押し寄せる,凄まじい、激しい,鋭い、えぐる,危ない、怖い,みずみずしい、丸い,透明な、作ったような,暗い、ぼやけた,四角い、同じ,はっきりする、覚める,無機質な、堅苦しい,偉い、傲慢な,難しい、拒む,佇む、存在する,透き通る、映り込んだ,無邪気な、無垢な,ぶら下がる、赤い,群がる、連鎖する,不要な、面倒な,積み重ねる、努力する,かすかに、繊細な,偉大な、荘厳な,苦しい、忙しい,変化する、繰り返す,課せる、負担する,赤い、不気味な,平等な、公平な,努力する、黙々と,不透明な、見えづらい,積み重ねた、計算した,消えそうな、無力な,一瞬に、急に,深い、暗い,見えづらい、はっきりしない,瞬発的に、溢れ出す,潤んだ、深い,吸い付く、不気味な,きれいな、美しい,正確な、規則正しい,広い、波打つ,芳しい、匂う,堅苦しい、仰々しい,862232,
2,55,鋭い、刺さる,「　大きい　、輝く」,「　迷う　、頂上　、達成感だ」,「綺麗、舞う」,「たくさん、流れる」,「騒ぎ、通過、巻き起こす」,「うるさい、泣く」,「煙、命とりだ」,「白い、一粒だ」,「透明、キラキラ、光る」,「黒い、暗い　降る」,「白く、正方形」,「落ちる、稲妻だ」,「集合、排出」,「可愛い、無邪気、ツンデレだ」,「音符、謎だ」,「長い、固い、」,「高い、見える」,「白い、純情だ」,「明るい、炎、ぶら下がる」,「暴動、流れる、埋まる」,「　謎、　疑い　、ガンだ」,「知性、辛い」,「細い、緩やか、」,「頂点、誇る、雄大だ」,「苦しい、辛い」,「情熱、変わる」,「少し、任務だ」,「オレンジ色、丸い、揺れる」　　　　　　」,「怖い　、計る　　」,「固い、甲羅、汚い」,「考える、見えない」,「　理想、立体的だ」,「夢、光、見える」,「人生、出来事、過ぎる」,「黙る、静かだ」,「　白く、　薄い　」,「憎い、怒る」,「見える、景色だ」,「ふっくら、吸う」,「幸せ、嬉しい」　　」,「中心、鳴る」,「黄色い、広い」,「匂い　、散らばる」,「厳しい、基本だ」,361696,回答が教示に従っていない
1,39,つきささる、傷つく,まぶしい、輝いた,向かっていく、困難な,軽やかだ、しなやかな,流れる、早い,激しい、騒がしい,傷つく、痛い,危険だ、潜在的な,少ない、貴重だ,固い、綺麗だ,暗い、沈んだ,もろい、砕けやすい,刺激的な、しびれた,大きい、広い,癒される、可愛い,面白い、謎めいた,目立った、見つけやすい,透き通った、綺麗だ,無邪気な、可愛い,鮮やかな、色づいた,巻き込んでいく、唐突な,苦しい、つきささる,着実な、一定な,弱い、心地いい,偉大な、どっしりした,窮屈な、息苦しい,移り行く、変化しやすい,高い、圧迫した,明るい、はっきりした,委ねられた、はかられた,長い、丈夫だ,見えない、晴れない,どっしりした、まとまった,消えない、明るい,唐突だ、急だ,深い、終わらない,かすんだ、綺麗な,赤い、止まらない,透きとおった、綺麗だ,なめらかだ、湿った,明るい、元気だ,遅い、ゆっくりな,果てしない、広大な,かぐわしい、癒される,固い、整った,608874,
2,31,痛い、傷つける,赤茶色い、丸い,しんどい、達成感のある,きれいだ、はかない,あふれ出る、止まらない,ひどい、激しい,痛い、切る,危険だ、危ない,小さい、丸い,きれい、冷たい,薄い、はかない,四角い、崩れる,強い、危険だ,暗い、汚い,偉そうだ、堂々と,難しい、難解だ,硬い、強い,跳ね返す、反射する,かわいい、きれいだ,硬い、ぶら下がる,止まらない、危ない,悪い、困難な,上る、下る,弱い、薄い,大きい、偉大だ,苦痛だ、しんどい,移り変わる、色々だ,理不尽だ、いやだ,はかない、悲しい,平等だ、測る,くさい、匂う,消えない、見づらい,高い、うごかない,温かい、光る,突然だ、急に,深い、暗い,隠す、薄い,激しい、熱い,青い、淡い,力強い、しつこい,明るい、きれいだ,刻む、止まらない,広い、大きい,きつい、いりまじる,狭い、窮屈だ,739412,
1,39,刺さる、痛い,明るい、眩しい,苦しい、達成感がある,可愛い、,速い、抑えられない　,恐怖、怒号,刺さる、痛い,ドキドキ、恐怖,消えやすい、美しい、儚い,美しい、繊細,暗い、黒い,崩れそう、壊れやすい,衝動的、痛い,生産的、,わがまま、地位が高い,難解,硬い、大きい　,壊れやすい、明るい,微笑み、可愛らしい,ぶら下がる、揺れる,崩れやすい、止められない,一時的,少しずつ,静か、ため息,反りたつ、大きい,辛い、苦しい、地獄,変わりやすい、暖かい、寒い,重い,消えやすい、儚い,平等、正確,遅い、とろい、,先が見えない、視界が悪い,組み立て、壊れやすい,儚い、明るい,突然、予想できない,暗い、先が見えない,儚い、薄い,熱い、すごい、収拾がつかない,広い、,痛い、分厚い、黒い,美しい、笑顔,ドキドキ、止められない,広い、激しい,美しい、明るい,牢獄、苦しい,379334,
1,33,悪い、するどい、手痛い,わびしい、物憂い、寂しい,確実に、慎重に、辛抱強い,きれい、かるい、楽しい,止まらない、平等に、長い,激しい、痛い、うるさい,厳しい、正しい、するどい,悪い、けむい、こわい,きれい、はかない、小さい,きれい、壊れそう、寒い,暗い、悪い、寒い,脆い、軽い、むなしい,激しい、怖い、痛い,規則的に、規則正しい、大きい,きまぐれ、気高い、気まま,秘密な、意味深な、用心深い,硬い、寂しい、高い,きれい、澄んだ、高い,明るい、かわいい、楽しい,大きい、丸い、おいしそう,多い、たくさん、騒がしい,怪しい、膨らむ、悪い,慎重に、確実に、硬い,温い、寂しい、孤独な,高い、気高い、孤高な,苦しい、厳しい、辛い,いとおしい、いとしい、趣がある,苦しい、苦い、厳しい,はかない、寂しい、物寂しい,汚い、黒い、白い,おそい、のろい、むなしい,こわい、寂しい、おそろしい,かたい、おもい、つよい,明るい、遠い、険しい,きまぐれ、興味深い、面白い,暗い、黒い、深い,不安な、寂しい、孤独な,激しい、こわい、執念深い,きれい、澄んだ、美しい,醜い、気持ち悪い、むごい,きれい、楽しい、明るい,規則的に、規則正しい、確実に,広い、大きい、遠い,におい、さわやか、落ち着く,かたい、正しい、つつましい,430960,
1,36,鋭い、痛い,丸い、赤い,高い、難しい,きれいだ、儚い,多い、速い,激しい、速い,鋭い、痛い,熱い、苦しい,小さい、丸い,冷たい、鋭い,黒い、暗い,四角い、白い,素早い、痛い,退屈だ、規則正しい,かわいい、小さい,難しい、読めない,硬い、変わらない,透明だ、透き通る,かわいい、小さい,丸い、小さい,多い、大きい,邪魔だ、余分だ,段階的だ、固い,弱い、気持ちいい,強い、大きい,苦しい、退屈だ,美しい、きれいだ,高い、増える,丸い、きれいだ,吊り合う、正確だ,湿っている、汚れている,見えない、暗い,頑丈だ、硬い,明るい、ポジティブだ,怪しい、怖い,静かだ、暗い,深い、見えない,激しい、赤い,濡れる、冷たい,分厚い、柔らかい,美しい、儚い,規則正しい、正確だ,広い、大きい,きれいだ、美しい,きつい、固い,252242,
2,41,刺す、鋭い,臙脂色だ、鈍い,孤独だ、着実だ、,美しい、華やかだ,とめどない、襲い掛かる,吹きすさぶ、抗いがたい,鋭い、裂く,恐ろしい、危ない,光る、落ちる,透明だ、美しい,灰色だ、暗い,四角い、白い,素早い、光る,整然としている、うるさい,高貴だ、偉い,難しい、魅力的だ,立つ、硬い,映しだす、平面的だ,可愛らしい、清らかな,ぶらさがる、丸い,襲いかかる、轟く,不安だ、増える,登る、きつい,静かだ、ささやかだ,偉大だ、威圧する,重苦しい、辛い,移り変わる、美しい,しんどい、辛い,赤い、暖かい,量る、上下する,堅い、鈍い,広がる、怖い,建てる、築く,明るい、目立つ,恐ろしい、素早い,静かだ、暗い、穏やか,覆う、滑らかだ,爆発的だ、熱い,澄み切っている、静かだ,醜い、濡れている,美しい、和む,刻む、規則的だ,広い、波立つ,華やかだ、豪華だ,囲う、覆う,470187,
1,48,するどい、痛い,きれい、まぶしい,地味である、続く,きれい、美しい,長い、早い,怖い、恐ろしい,うるさい、細かい,怖い、恐ろしい,輝く、青い,きれい、透明である,薄暗い、細かい,白い、四角い,激しい、急である,規則正しい、正確である,小さい、わがままである,難しい、複雑である,固い、重い,きれい、透明である,やさしい、やわらかい,赤い、丸い,勢いがある、続く,続く、怪しい,長い、たいへんである,柔らかい、やさしい,大きい、神々しい,きつい、つらい,熱い、急に変わる,おおきくなる、続く,きれい、珍しい,公平である、正しい,汚い、うすい,わからない、みえない,固い、正しい,明るい、薄い,突然である、わからない,静かである、暗い,暗い、みえない,激しい、きつい,青い、透きとおっている,吸い付く、やかわかい,ほがらかである、やさしい,正確である、正しい,広い、大きい,きれい、鮮やかである,固い、重い,981343,
2,46,鋭い、激しい、怖い,明るい、赤い、神々しい,危険な、冒険的な、活発な,自由な、優雅な、美しい,溢れる、流れる、止まらない,激しい、怖い、強い,尖った、痛い、怖い,壊れそうな、暴力的な、不健康な,丸い、滴るような、綺麗な,繊細、弱い、綺麗な,薄暗い、黒い、広がった,四角い、積み重なった、角ばった,痛い、痺れる、激しい,広い、大きい、楽しい,ツンデレな、華奢な、優美な,難解な、難しい、規則的な,?い、硬い、まっすぐな,反射しやすい、綺麗な、青い,かわいい、小さい、壊れやすい,赤い、揺れる、丸い,崩れる、脆い、愚かな,憎い、嫌な、厄介な,段階が必要な、着実な、確実な,小さな、ほっとする、短い,大きい、どっしりした、尊敬できる,窮屈な、強制的な、暗い,変わりやすい、繰り返す、巡ってくる,義務的な、強制的な、逃げられない,赤い、大きな、丸い,平等な、均衡がとれた、公平な,硬い、汚い、かび臭い,濃い、見えにくい、怖い,誠実な、正確な、綿密な,儚い、弱々しい、消えそうな,早い、すぐに過ぎる、突発的な,深い、暗い、怖い,うっすらとした、美しい、繊細な,熱い、恐ろしい、爆発的な,深い、澄んだ、青い,潤った、ヌルッとした、光った,明るい、かわいい、綺麗な,正確な、規則正しい、動き続ける,広い、大きい、おっとりした,いい香り、気持ち良い、心地よい,窮屈な、誠実な、強固な,822250,
2,45,鋭い、鋭利だ,美しい、光り輝く,果てしない、孤独だ,素早い、華麗だ,早い、膨大だ,激しい、凄まじい,鋭い、鋭利だ,危ない、危険だ,瑞々しい、透明だ,繊細だ、透明だ,灰色だ、暗い,脆い、壊れやすい,鋭い、熱い,大きい、広い,わがままだ、気高い,難しい、難解だ,高い、白い,青い、透明だ,純粋だ、無垢だ,赤い、丸い,凄まじい、恐ろしい,黒い、深い,長い、果てしない,優しい、滑らかだ,不動だ、堂々としている,辛い、苦しい,美しい、移りゆく,多い、膨大だ,赤い、明るい,公平だ、平等だ,臭い、黒い,果てしない、尽きることがない,固い、強固だ,明るい、温かい,怖ろしい、恐怖だ,深い、深遠だ,深い、謎だ,激しい、怖ろしい,美しい、清らかだ,光っている、艶やかだ,愛らしい、綺麗だ,規則正しい、正確だ,広い、広大だ,かぐわしい、癒しだ,窮屈だ、息苦しい,594230,
1,40,突き刺さる、斬る、刺す,赤い、赤みがかった,積み重ねる、着々と、段階的な,羽ばたく、優雅な,流れる、飲み込む,激しい、乱暴である,鋭い、切る、裂く,じわりと、ゆっくりと,丸い、輝く,透き通った、美しい,暗い、ぼんやりしている,四角い、白い,走る、強い、一瞬の,画一的である、規則正しい,気ままな、自分勝手な,難解な、難しい、不可解な,そそり立つ、長い、大きい,透き通っている、きれいな,無邪気な、天真爛漫な、無垢な,赤い、垂れている,怒涛の、勢いのある、飲み込む,広がる、移る,段階的な、積み重なった,弱い、穏やか,堂々としている、威風堂々とした,拘束的な、厳しい,変化する、変わりやすい,重い、辛い、過重な,赤い、落ちる、白い,揺れる、動く,ゆっくりと、汚れている,見えない、晴れない,整然とした、積み重ねる,明るい、光っている,残酷な、突然な,重苦しい、暗い,薄い、ぼんやりとした,激しい、強い、劇的な,澄んでいる、映している,赤い、つやつやした,咲く、美しい,一定の、打つ,広い、広大な,かぐわしい、華やかな,堅苦しい、狭苦しい,420144,
1,34,切れがある、鋭い,赤い、錆びた,険しい、困難な,優雅な、綺麗な,止まらない、溢れる,激しい、止まらない,鋭い、冷たい,危ない、怖い,美しい、冷たい,冷たい、美しい,暗い、黒い,固い、白い,痺れる、痛い,広い、無機質な,可愛い、可憐な,難しい、堅苦しい,高い、固い,まぶしい、輝く,可愛い、小さい,明るい、赤い,止まらない、押し寄せる,膨らむ、怖い,積み重ねる、険しい,涼しい、爽やか,偉大な、大きい,きつい、苦しい,移ろう、儚い,高い、苦しい,綺麗、儚い,難しい、中立な,長寿、汚れた,白い、見えない,高い、固い,儚い、明るい,恐ろしい、唐突な,深い、暗い,白い、濃い,激しい、恐ろしい,綺麗な、澄んだ,ぬめっている、厚ぼったい,明るい、可憐な,早い、小刻みな,広い、ゆらゆらと,芳しい、美しい,堅い、冷たい,744887,
2,41,いきなり、傷つく,色の美しさ、輝かしい,先は長い、ひとつひとつの積み重ね,可愛さ、美しさ,沢山、急な,勢い、激しさ,鋭い、早い,徐々に蝕む、逃れなれない,自然の美しさ、輝かしい,美しさ、貴重さ,気味の悪さ、暗さ,正確な、美しさ,急な、驚き,機械的な、無機質な,威厳のある、美しさ,安定的な、難しさ,目印、思い出,明るさ、永遠な,可愛さしさ、穢れのない,美しさ、食べごろ,急な、広範囲な,徐々に大きくなる、周りからは見えない,積み重ね、地道な,情緒的な落ち込んだ,不動的な、信頼,閉鎖的な、足かせ,変化する、面白さ,決められた、逆らう事の出来ない,美しさ、明るさ,揺れ動く、平等な,しっかりとした、厚みのある,先が見えない、晴れることの無い,うず高い、コツコツとした,力強さ、普遍的な,突然、思いがけず,静かな、重い,美しさ、晴れることのない,急な、恐怖,美しさ、心の広い,厚み、まとわりつく,明るい、素敵な,正確さ、普遍的,広い、美しさ,官能的な、やすらぎ,閉鎖的な、近代的でない,666527,
2,34,短い、切れる,落ちる、沈む、,高い、険しい,飛ぶ、舞う,流れる、増える,荒れる、吹く、降る,切れる、裂ける,爆発、煙る、臭う,輝く、綺麗、落ちる,もろい、透通る、綺麗,流れる、降る、黒い,もろい、高い、白い,痺れる、光る,大きい、広い,走る、座る、かわいい,奏でる、鳴る、黒い,高い、硬い,光る、割れる、青い,笑う、走る、光る,ぶら下る、光る、,崩れる、溶ける,潜む、黒い、隠れる,上がる、登る、座る,吹く、流れる,大きい、綺麗,固い、厚い、暗い,暑い、変わる、赤い,取る、潜む、隠す,咲く、光る、赤い,測る、下がる、置く,臭い、固い、遅い,沈む、見えない、黒い,高い、崩れる,灯る、明るい、光る,走る、刺さる,潜る、静か、黒い,見えない、降る、白い,荒れる、壊れる、赤い,輝く、深い,滑る、這う,笑う、咲く、光る,回る、打つ,揺れる、吹く、流れる,臭う、香る、咲く,堅い、下げる、難しい,419888,
2,37,嫌な、危ない,薄暗い、心地よい,努力する、きつい,きれい、ヒラヒラしてる,早い、危ない,危ない、恐い,危ない、不快,危ない、嫌だ,きれい、白い、輝く,きれい、冷たい,暗い、急ぐ,四角、白い、もろい,危ない、速い,行きたくない、規則正しい,可愛い、わがまま、若い,難しい、不可能だ,黒い、高い、硬い,青い、反射,可愛い、小さい,可愛い、鮮やか、小さい,恐い、力強い、危ない,嫌な、どうにかしたい,難しい、地道だ、努力する,弱い、心地よい,高い、品がある、大きい,終わらない、やめたい,好き、変化,嬉しい、時間がかる,きれい、白い,平等だ、変化する,汚い、臭い、水,見えない、白い,堅苦しい、頑丈だ,明るい、高い,逃げられない、上手くいかない,静か、不安だ、暗い,白い、見えない,恐い、逃げたい、危ない,広い、反射する,赤い、厚い,かわいい、きれい、やわかい,音、一定,大きい、広い、見渡せない,いい匂い、心地よい,決まり、納得しない,171203,
2,56,虚しい、苦々しい,赤々と、落ち目の、寂しい,険しい、地道な,ひらひらと、自由な、癒される,早い、凄まじい,恐ろしい、凄まじい,鋭い、痛い、ヒリヒリ,危険、煙い、苦しい,きらびやかな、ピカピカと,鋭い、きらきらと,もくもくと、暗澹たる,固い、立体的な、殺風景,びりびりと、素早い,単調な、機械的な,大事な、甘ったれな,リズミカルな、難しい,硬い、ずっしりと,手に取るように、透けた,かわいい、美しい、初々しい,奇妙な、変わっている,恐ろしい、突発的な,見つけにくい、痛々しい,固い、険しい、困難な,情けない、だるい,大きい、尊大な,機械的な、空しい、孤独な,移ろいやすい、とろけるような,惜しい、歯切れの悪い、微々たる,怖い、生々しい,公平な、ぶれない,蒙昧な、つまらない,心もとない、神秘な,堅苦しい、無限の,明るい、落ち着く、温かい,残酷な、容赦ない,透き通った、身じろぎしない,見にくい、もやもやと、晴れない,激しい、圧倒的な,すべすべと、動きのない,生々しい、柔らかい、奇妙な,華やかな、明るい,正確、途切れない,ひょうひょうと、なだらかな,甘美な、華々しい,堅苦しい、避けられない,973473,
1,42,危ない、切れる、攻撃,お金、小銭、丸い,頂上、達成、苦難,跳ねる、舞う、回る,溢れる、漏れる、流れる,騒々しい、荒々しい、危ない,切れる、中身、部位,終わり、死、危険,まん丸、艶々、輝き,綺麗、宝石、眩しい,薄い、黒い、ぼやけている,壊れる、もろい、必要性,痺れる、痛い、早い,量産、商品、管理,偉い、尊厳、気品,難読、文字列、幾何学,記念、印、記憶,反射、写し絵、真実,キラキラ、かわいい、無邪気,手作り、飾り、膨らむ,危ない、災難、呑み込まれる,腫物、病気、痛み,登る、降りる、手段,気落ち、ため息、さりげない,大きい、偉い、力強い,罪人、管理、罰,四季、旬、変わり目,米俵、貧乏、農民,おどろおどろしい、燃える、怪しい,計測、比較、証明,のろい、小さい、硬い,見えない、不安、取り囲み,たたずまい、作り物、箱物,照らす、明るい、温かい,災難、ショッキング、悪,冷たい、深い、暗い,カーテン、スカーフ、シーツ,燃える、飛び散る、天高く,静か、水面、自然,虫、ぬめり、艶,綺麗、可愛い、可憐,刻む、精密、繰り返す,広い、深い、水平線,贈り物、感謝、メッセージ,閉じ込める、拘束、罰,905427,
1,61,鋭い、危ない、恐怖だ,丸い、赤い、綺麗だ,高い、険しい、難しい,素敵な、華やかだ、美しい,速い、膨大だ、流れる,速い、怖い、大きい,厳しい、怖い、鋭い,危ない、怖い、不安だ,綺麗だ、丸い、美しい,美しい、透き通った、硬い,薄暗い、黒い、怪しい,大きい、壊れやすい、甘い,激しい、一瞬だ、強力だ,広い、大きい、厳しい,美しい、強い、可愛い,奇妙だ、難しい、複雑な,大きい、黒い、高い,透き通っている、まぶしい、明るい,掛け街のない、可愛い、危ない,赤い、丸い、大きい,怖い、大きい、流れる,危険だ、怖い、大きい,辛抱だ、急だ、険しい,ほっとする、柔らかい、優しい,不動だ、大きい、強い,怖い、暗い、恐ろしい,変わる、一時的な、終わる,厳しい、大きい、重い,赤い、目立つ、黄色い,公平だ、公明だ、正しい,固い、黒い、汚れた,見えない、濃い、怖い,強い、強固だ、固い,導く、照らす、安心だ,一瞬だ、怖い、見えない,深い、静かだ、黒い,見えない、不安だ、綺麗だ,激しい、大きい、怖い,澄んだ、深い、美しい,取れない、ふっくらな、くっつく,美しい、可愛い、明るい,正確だ、正しい、鳴る,広い、大きい、広大だ,美しい、香る、煌びやかな,厳しい、厳格だ、壮言な,373595,
1,56,鋭い、斬る,光っている、眩しい,コツコツと、骨が折れる,舞う、いきいきと,押し寄せる、戻せない,凄まじい、こわい,鋭い、切り裂く,危ない、怖い,丸い、綺麗な,綺麗な、見事な,どんよりとした、薄暗い,四角い、固い,痺れる、強烈な,規則正しい、大きい,偉そうな、気高い,難解な、不可解な,大きい、汚れた,すっきりとした、見る,純粋な、無垢な,黄色い、ユラユラしている,勢いのある、恐ろしい,悪い、不快な,徐々に、のぼる,微かな、弱い,壮大な、高い,辛い、苦しい,変わる、巡る,苛酷な、厳しい,白い、ユラユラと,選ぶ、どちらかだ,独特な、地味な,先が見えない、気が滅入る,しっかりしている、緻密な,明るい、暖かい,突然な、予想もしない,静かな、暗い,見えない、覆われている,勢いがある、びっくりする,ウルウルしている、涙がいっぱいな,血の気がない、干からびている,明るい、気持ち良い,刻々とした、止まらない,広い、波打つ,華やかな、おしゃれな,窮屈な、拘束された,717861,
2,50,刺さる、傷つく、鋭い,鈍い、枯れる,慎重だ、ゆっくりだ,跳ねる、舞う,流れる、のまれる,激しい、強い,鋭い、刺す、痛い,危ない、怖い,輝く、きれいだ,輝く、きれいだ,重い、暗い,白い、硬い,しびれる、突然だ、,雑多だ、にぎやかだ,愛らしい、気高い,不思議だ、わからない,高い、大きい,透き通る、映す,純真無垢だ、素直だ,ぶら下がる、赤い,流れ込む、迫る、,怖い、恐れる,耐える、少しずつだ、つらい,静かだ、わずかだ、,荘厳だ、偉大だ,つらい、困難だ、,うつろう、気まぐれだ,おさめる、定期的だ,赤い、情熱的だ,公平だ、等しい,硬い、汚れる,見えない、飲み込まれる、,積み上げる、のぼる、,わずかだ、弱い,わからない、不意打ちだ、怖い,深い、計り知れない,覆う、見えない、,突然だ、激しい,潤む、深い,吸いつく、離れない、,咲く、美しい,正確だ、動く,広大だ、果てしない,香る、美しい,堅苦しい、必要だ,946392,
2,48,鋭い、傷つける、速攻の,燃えるような、鈍く光る、丸い,遅い、耐え忍ぶ、報われる,自由な、のびのびした、華やかな,押し寄せる、忙しい、止まらない,激しい、強い、破壊的な,鋭い、傷つける、効果的な,危険な、緊急な、恐ろしい,瑞々しい、丸い、滑らかな,透明な、繊細な、魅力的な,淡い、暗い、はかない,壊れやすい、ロマンチックな、可愛らしい,激しい、鋭い、痛い,統一の、個性のない、単調な,凛とした、冷たい、わがままな,難しい、難解な、複雑な,陰気な、硬い、不安な,曇りのない、教示的な、共感的な,無邪気な、罪のない、愛くるしい,可愛い、なごやかな、面白い,脆い、破壊的な、大量の,邪魔な、悪い、繁殖する,発展的な、地道な、前向きな,柔らかい、温かい、ほのかな,孤独な、威厳のある、惹きつける,自由がない、束縛される、息苦しい,移り変わる、浮き沈みのある、実を結ぶ,重い、苦しい、逃れられない,強い、燃えるような、脆い,公平な、冷静な、微妙な,のんびりした、マイペースな、人気の,先が見えない、孤独な、苦しい,しっかりした、堅固な、安全な,細々とした、明るい、必要な,抵抗不可な、襲い掛かる、予想困難な,深い、不可解な、ミステリアスな,半透明な、暗い、邪魔な,恐ろしい、激しい、強い,澄んでいる、静かな、青い,しつこい、怖い、危険な,華やかな、癒される、なごやかな,規則正しい、刻む、信頼できる,静かな、永遠の、豊かな,華やかな、香りのよい、広がる,不自由な、堅苦しい、枠にはまった,569566,
2,39,痛い、鋭い,輝かしい、明るい、赤い,果てしない、辛い,妖艶だ、美しい,流れる、溢れる,激しい、強い,刺さる、痛い、鋭い,悪い、危うい,丸い、美しい,鋭い、輝く,淡い、曖昧だ,脆い、危うい,激しい、痛い,規則的だ、大きい,わがままだ、気まぐれだ,難しい、読む,固い、丈夫だ,移す、綺麗だ,可愛い、小さい、愛らしい,丸い、赤い,うるさい、大きい、激しい,見つかる、悪い,登る、長い,弱弱しい、さりげない,偉大だ、大きい,辛い、縛られる,変わる、豊かだ,取られる、奪う,赤い、丸い,傾く、正しい,丈夫だ、固い,大きい、曖昧だ,大きい、積み重ねる,明るい、喜ぶ,早い、襲う,深い、静かだ,絶たれる、広い、美しい,激しい、吹き出す,綺麗だ、美しい、麗しい,吸いつく、くっつく,可愛い、美しい,規則正しい、刻む,広い、大きい,豊かだ、香しい,堅い、狭い,801124,
2,51,刺さる、チクリ、傷つける,小麦色、暖かい、,積み重ね、道は一つでない、振り出しに戻ることも、,ひらひら、美しい,とめどない、いつかは終わる止まる、忙しい,じわじわと接近、場を荒れさせ乱し去る、時として起こる、激しさ、入り乱れ,サクッと切りさく、鋭利、両断、,イライラ、,美しい、輝き、透明感、,キラキラ、透明感、輝き、神秘的、繊細,グレー、どんより、暗い、,四角、同型、無機質,ビリビリ、ガツン、ドン,同じことの繰り返し、夕方静寂、、,気品、美しい,想い、気持ち、感情表現、明るい、暗い、あるリズム,無機質、塊、いつもある、,泣いたり、笑ったり、曇ったり、晴れたり,キラキラ、けがれない、無垢、,可愛らしい、暖かみのある、ぶら下がる、ほっこり,堰を切る、突発的、ストレス,見えないところにも出来る、目にみえてわかる、長年の結果、,一歩づつ、昇る、近道のない、,耳を掠める、心地よい、時に甘い、柔らかい,どっしり、威厳、包み込む,がんじがらめ、命令、機械的、逃げられない、逃げたい、脱出したい,変貌、移ろい、自然に寄り添う,取られる、納める、避けれない,パッと咲いてフッと散る、赤い輝き、儚い,右へ左へ、上下、,のっそり、ひっそり、,飲み込まれる、先が見えない、のしかかる、息苦しい,基礎、構造、外壁、屋根、角、崩壊、,ぬくもり、暖かい光、目印,突然、衝撃、予測不可,重い、暗い、先が見えない、,やさしく包む、かすみをかける、先が見えにくい,爆発、我慢の限界、想定、マグマ、感情,澄んだ、深い、優しい、穏やかな,吸いつかれそう、しつこい、どす黒い、,パッと咲く、相手をホッとさせる、、朗らか、可憐、美しい,一定の拍動、乱れたり、止まったり、,ざわざわ、広がる、暖かい、,バラ、スズラン、バニラ、繚乱,がんじがらめ、かたさ、自分も相手も守るもの,995050,
2,29,鋭い、貶めている、苦い,赤い、暖かい、懐かしい,長い、厳しい、苦しい,楽しい、きれいだ、舞っている,流れている、大量だ、早い,騒がしい、大きい、絶望的だ,鋭い、厳しい、切り付けている,恐ろしい、害がある、鋭い,美しい、儚い、きれいだ,きれいだ、儚い、美しい,暗い、見通しの悪い、軽い,崩れやすい、かわいい、メルヘンチックだ,鋭い、予想外だ、驚かせている,さみしい、規則的だ、無機的だ,わがままだ、かわいい、憎たらしい,難解だ、長い、操っている,固い、静かだ、暗い,広い、きれいだ、終わりのない,かわいい、無害だ、あどけない,丸い、大きい、おいしそうだ,厳しい、多い、大きい,疑わしい、重い、蔓延している,長い、上がっている、終わりのない,軽い、やさしい、温かい,大きい、立派だ、猛々しい,重い、窮屈だ、閉じ込めている,移り変わっている、尊い、大切だ,わずかだ、安定しない、少ない,小さい、赤い、ほのかだ,明らかだ、明確だ、揺れている,暗い、重い、丸い,恐ろしい、不快だ、視界を遮る,強固だ、頑固だ、高い,明るい、ふくらませている、小さい,消えている、つかみにくい、速い,暗い、重い、辛い,暗い、見通しの悪い、怖い,燃えている、恐怖だ、煮えたぎっている,大きい、澄んでいる、広い,小さい、腫れている、みにくい,かわいい、可憐だ、明るい,鳴っている、刻んでいる、進んでいる,広い、とりとめのない、続いている,かぐわしい、きれいだ、華やかだ,窮屈だ、厳しい、縛っている,351007,
1,28,切る、鋭い,美しい、輝く、明るい,高い、長い、大変だ,楽しい、軽快だ、飛ぶ,溢れる、流れる,荒れる、ひどい,切る、とる、治す,爆ぜる、危険だ,落ちる、弾ける、輝く,技巧的だ、尖る、透明だ,暗い、伸びる,かくばる、固い,痺れる、ぶつかる、ひびく,生み出す、つくる,かわいい、愛くるしい、小さい,難解だ、隠す,高い、そびえたつ,映る、晴れる,大切だ、尊い,しわしわだ、渋い,崩れる、流れる、暴れる,隠れる、育つ、醜い,登る、続く,そよぐ、揺れる,大きい、偉い、威張る,縛る、狭い、苦しい,移ろう、不安定だ,来る、納める,儚い、潰える,量る、平等だ,汚い、かたい,迷う、躓く,創る、丈夫だ,光る、進む,現れる、急だ,暗い、深い、静かだ,立ち込める、白い,飛び出す、燃える、不意だ,きれい、照り映える,濡れる、やわらかい、湿る,ほころぶ、開く,刻む、正確だ,そよぐ、広がる、壮大だ,渡す、魅せる,かたい、閉じ込める、窮屈だ,259939,
2,36,鋭利な、痛い、恐ろしい,濃い、赤い、あかい,地道、積み上げる、険しい,舞う、飛ぶ、軽やか,溺れる、避けようがない、膨大な,激しい、一時的な、恐ろしい,鋭い、痛い、傷付く,危ない、怖い、遅い,輝く、丸い、瑞々しい,美しい、硬い、透明な,薄暗い、怖い、暗い,四角い、しかくい、立体的,いきなり、一瞬の、突発的な,冷たい、無個性な、機械的な,生意気な、気まぐれな、意地悪な,規則的な、無機的な、冷たい,大きい、硬い、古い,綺麗な、冷たい、爽やかな,無垢な、明るい、柔らかい,丸い、赤い、膨張する,流れる、流動的、大きい,侵食的な、黒い、悪い,段階的な、積み上げる、地道な,弱い、柔らかい、温かい,大きい、圧倒的な、威厳ある,縛られる、不自由な、硬い,移ろう、変化する、変わる,規則的な、義務的な、避けようのない,丸い、赤い、不気味な,公正な、公平な、厳しい,地を這う、冴えない、鈍い,見えない、寒い、冷たい,積み上げる、硬い、高い,明るい、暖かい、心もとない,避けられない、思いがけない、突発的な,冷たい、重い、暗い,薄い、透ける、柔らかい,熱い、爆発的な、突発的な,深い、底知れない、美しい,湿る、滑る、危険な,美しい、明るい、暖かい,規則的な、正確な、せいかくな,広大な、広い、広範囲な,複雑な、芳しい、色々な,堅苦しい、窮屈な、狭い,899610,
2,41,刺さる、痛い、切れる,丸い、オレンジの,上る、つらい、確実な,美しい、速い,止まらない、流される,止まらない、勢いがある、壊れる,鋭い、痛い,追い詰められる、気づかない,丸い、輝く,美しい、透明な、冷たい,暗い、まっすぐだ、灰色だ,四角い、似ている、白い,びりびりする、突然の,無機質だ、工業的だ、冷たい,偉そうな、かわいい,難しい、わからない,無機質だ、あたたかみがない、冷たい,晴れている、明るい、輝いている,無邪気だ、かわいい、無垢だ,赤い、垂れ下がった,うねる、勢いがある、とまらない,むしばむ、痛い、怖い,長い、上る、確実だ,けだるい、やさしい、おだやかだ,大きい、動かない、偉大だ,逃げられない、いやだ、やりたくない,変わっていく、美しい,重い、のしかかる、逃げられない,怖い、ぼんやりした,揺れる、答えがある,遅い、汚れている,見えない、怖い,整然とした、積み重ねた,消えやすい、安心する、温かい,急だ、逃げられない,重い、不安だ,見えない、薄い、ぼんやりした,急だ、恐ろしい、あふれる,静かだ、動かない、光る,醜い、気持ち悪い,美しい、嬉しい,正確な、確実な,広い、広大だ,様々な、広がる,不自由だ、決まっている、逃げられない,477799,
2,38,鋭い、抉る,輝く、丸い,険しい、遠い,軽やか、舞う,流れる、怒涛の,激しい、荒れる,鋭い、割く,潜む、うかがう,小さい、儚い,もろい、きれい,暗い、にじむ,四角い、崩れる,走る、驚く,同一の、厳しい,わがままな、自由な,地道な、無機質な,高い、固い、そびえたつ,透き通る、きらめく,明るい、無邪気な,つややか、橙色、ぶらさがっている,無秩序な、大きい,むしばむ、潜む,地道な、遠い、しんどい,甘い、心地よい,重い、高い、堂々とした,辛い、きつい、疲れる,移ろう、変わる,重い、のしかかる,浮かぶ、浮き上がる、光る,公正な、平等な、量る,重い、したたる,暗い、怖い,たたずむ、固い,明るい、光る、儚い,驚く、受け止める,深い、暗い,神秘的な、恐れる,激しい、熱い、怖い,深い、青い,艶めかしい、柔らかい,咲く、明るい,刻む、規則的な,広い、そよぐ,きれい、安らぐ,狭い、閉じ込める,907429,
2,35,鋭い、早い,綺麗、暖かい,難しい、長い,可愛い、小さい,早い、急だ,激しい、強い,女々しい、弱い,危険だ、恐い,透明だ、綺麗だ,透明だ、綺麗だ,暗い、不穏だ,白い、壊れやすい,痛い、明るい,正しい、正確だ,気高い、綺麗だ,難しい、わかりにくい,固い、高い,綺麗だ、純粋だ,無邪気だ、純粋だ,儚い、弱い,速い、早急だ,不安だ、あやしい,困難だ、疲れる,微かな、穏やかだ,大きい、強い,苦痛だ、苦労する,変わりやすい、変化する,高い、不当だ,不気味だ、熱い,正確だ、正しい,遅い、丸い,わからない、不安だ,高い、固い,儚い、明るい,偶然、突然,深い、静かだ,不明、朦朧,激しい、恐い,潤う、穏やかだ,醜悪だ、気味が悪い,明るい、優しい,正確だ、一定だ,広い、大きい,仰々しい、綺麗だ,真面目だ、堅苦しい,912597,
1,42,チクッとした、意地の悪い,輝いた、褐色の,大変だ、根気のいる,優雅だ、自由な,一瞬だ、現代の,激しい、危険な,鋭い、切れ味のいい,良くない、危ない,みずみずしい、輝いた,透き通った、鋭い,不安な、悲しい,硬い、真っ直ぐだ,衝撃的な、強烈な,大きい、広い,自由な、かわいらしい,並んだ、不規則だ,高い、硬い,透き通った、曇りのない,かわいい、無邪気な,ぶら下がった、赤い,勢いのある、こわい,厄介な、難しい,地道な、慎重な,心地よい、暖かい,大きい、威厳のある,不自由な、窮屈な,変わる、面白い,重荷だ、苦しい,丸い、神秘的な,公正な、平等な,シワシワだ、古めかしい,モヤモヤした、先の見えない,真っ直ぐな、構造物だ,明るい、熱い,突然の、意図しない,暗い、重い,真っ白だ、見えない,爆発的な、止められない,潤いのある、穏やかな,湿った、柔らかい,明るい、温かい,規則正しい、整然とした,広い、地平線の,香ばしい、華やかな,不自由だ、つまらない,568441,
2,42,切れる、鋭い,重い、小さい,高い、立ちはだかる,可愛いい、舞う,乱雑な、危ない,荒い、怖い,鋭い、細い,困難な、粗末な,小さい、穏やかだ,きれいだ、もろい,薄い、暗い,かたい、白い,明るい、強い,大きい、頑丈な,かわいい、静かな,困難な、きつい,かたい、孤独な,きれいな、明るい,かわいい、明るい,明るい、のどかだ,怖い、重い,重い、困難な,辛い、登る,少ない、簡単な,きらびやかだ、高い,孤独な、ひそやかだ,いとしい、大切な,重い、辛い,明るい、穏やかな,平等な、丁寧な,のろい、休む,濃い、暗い,大きい、かたい,明るい、静かだ,怖い、急な,深い、静かだ,厚い、静かだ,厳しい、危うい,広い、穏やかだ,厚い、大きい,明るい、けなげな,動く、大切な,のどかだ、広い,鮮やかな、優しい,困難な、かたい,388960,
1,33,切れ味のある、咄嗟に、鋭い,輝き、渋い、哀愁のある,コツコツと進む、準備が大事、大変な,舞う、可憐な、ゆらゆらと,一気に流れる、押し寄せる、移り変わる,激しい、おさまらない、破壊する,鋭い、痛い、切る,いつになるのか、止まらない、刻々と,少し、貴重な、止まらない,透き通った、繊細な、涼しげな,薄暗い、遮る、どっちつかず,角がある、まとまった、直立する,痛い、驚き、必要な,規則正しい、協力して、作っていく,凛々しい、威厳のある、守りたい,読めない、難しい、分かる人には分かる,堂々とした、大きい、歴史的な,映す、反射する、自分自身,愛らしい、希望だ、光のような,明るい、綺麗な、趣がある,一気に流れる、止まらない、勢いのある,大きい、増える、できる,こつこつと、上がっていく、しんどい,微妙な、心地よい、気分で変わる,堂々としている、威厳のある、権力のある,自由がない、耐える、閉じ込められて,深い、移り変わる、愛おしい,収め続ける、厳しい、貢ぐ,浮遊する、浮いている、色味のある,判定する、偏る、正確に,長生き、強い、固い,先が見えない、危険な、いつ晴れるのか,まとまっている、順序がある、しっかりとした,儚い、照らし出す、暖かい,突然、コントロールできない、理不尽な,静かな、動きのない、未知の,神秘的な、不思議な、見えない,突然の、爆発する、解放,広い、映し出す、印象的な,吸う、弾力性のある、乾燥する,華やかな、落ち着く、気分の良い,刻み続ける、いつか止まる、一定の動きを続ける,広い、壮大な、爽快な,可憐な、華やかな、綺麗な,堅苦しい、窮屈な、務め,154854,
1,45,痛い、怖い、嫌だ,きれいだ、美しい、立派だ,難しい、険しい、厳しい,明るい、きれいだ、活発だ,費やす、早い、過ごす,激しい、怖い、厳しい,厳しい、怖い、痛い,怖い、恐ろしい、不安だ,小さい、はかない、美しい,きれいだ、美しい、作る,暗い、憂鬱だ、怖い,固い、甘い、建てる,痛い、明るい、驚く,学ぶ、通う、厳しい,かわいい、綺麗だ、可愛がる,難しい、理解する、解く,古い、固い、立派だ,綺麗だ、美しい、まぶしい,かわいい、明るい、うれしい,赤い、丸い、明るい,激しい、凄い、大きい,怖い、怪しい、払しょくする,難しい、厳しい、昇る,吐く、わずかだ、弱々しい,高い、厳しい、神々しい,厳しい、怖い、暗い,愛おしい、感じる、切ない,厳しい、納める、増える,美しい、綺麗、不思議だ,難しい、判定する、厳しい,古い、固い、臭い,濃い、怖い、憂鬱だ,考える、難しい、固い,明るい、願う、叶える,怖い、暗い、恐ろしい,暗い、静かだ、深い,包む、濃い、暗い,怖い、厳しい、激しい,綺麗だ、美しい、輝く,気持ち悪い、太い、分厚い,明るい、かわいい、うれしい,正確だ、正しい、刻む,広い、大きい、深い,きれいだ、美しい、明るい,厳しい、捕まる、正しい,767491,
1,41,鋭い、刺さる,丸い、沈む,登る、大変,舞う、美しい,流れる、あふれる,激しい、うずまく,なよなよしてる、しつこい,自動的に、失う,丸い、きらめく,透きとおった、美しい,薄暗い、薄黒い,四角い、角ばっている,ビリッとする、ショックを受ける,大きい、広い,かわいい、愛嬌がある,並ぶ、難しい,長い、高い,澄み切っている、映る,かわいい、純粋,丸い、垂れ下がる,流れてくる、主張する,とれない、晴れない,上る、積み重ねる,かすかに、わずかに,高い、大きい,辛い、きつい,変化する、移り変わる,納める、増える,赤い、飛ぶ,はかる、決める,地味、コツコツと,増す、消えない,組み立てる、説明する,明るい、残っている,突然、瞬間的に,深い、暗い,隠す、見えない,あふれる、激しい,深い、広い,厚い、くっつく,明るい、かわいい,動く、勝手に,広い、広大,美しい、香る,硬い、狭い,885899,
1,38,傷、刺さる,色合い、暖かい,永遠、積み重ね,妖艶、羽ばたく,長い、流れる、,勢い、荒れる,刺さる、冷たい,蓄積、病気、,光、粒,輝、氷、冷たい,重い、暗い、墨,白い、四角,エネルギー、痛い,団体、チ?ムワ?ク,ナイ?ブ、綺麗,メッセージ、音,長い、重い、,写す、青い,笑う、笑顔,祭り、収穫,勢い、飲み込む、,悩み、出来物,積み重ね、勉強,柔らかい、心地よい,不動、立ちはだかる,拘束、労働、辛い,四季、暖かい、,納める、増、,赤い、華麗な,天国、地獄,重い、動、,霧、霞む、白い,難しい、積み重ね,灯り、喜ぶ,突然、残酷,重い、暗い,幕、白い,怒り、エネルギー,涙、水溜り,分厚い、潤い,美しい、華麗,音、無限,広い、青い、揺れる,香り、華麗,厳しい、固い,603972,
1,53,鋭い、酷い、痛い,赤い、丸い、暗い,高い、険しい、難しい,舞う、はばたく、美しい,激しい、止まらない、怖い,暴れる、恐ろしい、乱れる,鋭い、厳しい、切れる,害する、くさい、悪い,美しい、光る、まぶしい,鋭い、美しい、光る,暗い、黒い、落ち込む,角ばる、堅い、崩れる,痛い、強い、しびれる,大きい、堅い、整っている,妖しい、可愛い、気難しい,難しい、優れている、役立つ,動じない、立つ、硬い,透き通る、映す、光る,可愛い、明るい、やさしい,干す、つるす、赤い,恐ろしい、崩れる、激しい,悪い、醜い、怪しい,登る、積み上げる、続ける,緩い、落ち着く、鎮まる,そびえる、高い、強い,厳しい、苦しい、酷い,優しい、厳しい、包み込む,厳しい、苦しい、高い,儚い、悲しい、美しい,正しい、良い、気難しい,ざらつく、汚い、くさい,暗い、恐ろしい、見えない,組み立てる、堅い、美しい,明るい、温かい、まぶしい,酷い、怖い、驚く,暗い、おとなしい、張り詰める,白い、見えない、覆う,激しい、怖い、熱い,透き通る、美しい、光る,吸いつく、赤い、やわらかい,明るい、輝く、美しい,刻む、規則正しい、優れる,きれい、優しい、落ち着く,美しい、きれい、儚い,堅苦しい、面倒くさい、正しい,240855,